IN_CROSSWALK,TABLE_NAME,COLUMN_NAME,COLUMN_TYPE,COLUMN_ORDER,COLUMN_COMMENT,TABLE_CREATION_ORDER,IS_MANDATORY,MANDATORY_PROV_TYPE,MCDM_MASKING_TYPE,IN_EDITS,KEY
N,PROVIDER,DP_CREATE_TIMESTAMP,TIMESTAMP_NTZ,1,Technical column,1,FALSE,,,FALSE,PROVIDER-DP_CREATE_TIMESTAMP
N,PROVIDER,DP_UPDATE_TIMESTAMP,TIMESTAMP_NTZ,2,Technical column,1,FALSE,,,FALSE,PROVIDER-DP_UPDATE_TIMESTAMP
N,PROVIDER,DP_RUN_ID,VARCHAR,3,"Technical column, idicates unique MWAA run id",1,FALSE,,,FALSE,PROVIDER-DP_RUN_ID
N,PROVIDER,DP_LAST_LOAD_FLAG,VARCHAR,3,"Technical column, idicates unique MWAA run id",1,FALSE,,,FALSE,PROVIDER-DP_LAST_LOAD_FLAG
N,PROVIDER,DP_SOURCE_FILE_GROUP,VARCHAR,5,Indicates if given record is coming from claim file or provider file,1,FALSE,,,FALSE,PROVIDER-DP_SOURCE_FILE_GROUP
N,PROVIDER,PROVIDER_SID,"NUMBER(38,0) NOT NULL",6,,1,FALSE,,,FALSE,PROVIDER-PROVIDER_SID
N,PROVIDER,PROV_PAYER_ASSIGNED_ID,VARCHAR,7,,1,FALSE,"BILLING_GROUP,RENDERING_GROUP",,FALSE,PROVIDER-PROV_PAYER_ASSIGNED_ID
N,PROVIDER,PROV_ADD_LINE_1,VARCHAR,8,,1,FALSE,"BILLING,RENDERING",,FALSE,PROVIDER-PROV_ADD_LINE_1
N,PROVIDER,PROV_ADD_LINE_2,VARCHAR,9,,1,FALSE,"BILLING,RENDERING",,FALSE,PROVIDER-PROV_ADD_LINE_2
N,PROVIDER,PROV_AFFILIATION_DESC,VARCHAR,10,,1,FALSE,,,FALSE,PROVIDER-PROV_AFFILIATION_DESC
N,PROVIDER,PROV_AFFILIATION_NUM,VARCHAR,11,,1,FALSE,,,FALSE,PROVIDER-PROV_AFFILIATION_NUM
N,PROVIDER,PROV_AFTER_HOURS_PHONE,VARCHAR,12,,1,FALSE,,,FALSE,PROVIDER-PROV_AFTER_HOURS_PHONE
N,PROVIDER,PROV_BIRTH_DT,DATE,13,,1,FALSE,,,FALSE,PROVIDER-PROV_BIRTH_DT
N,PROVIDER,PROV_CITY,VARCHAR,14,,1,FALSE,"BILLING,BILLING_GROUP,RENDERING",,FALSE,PROVIDER-PROV_CITY
N,PROVIDER,PROV_CLIA_EXP_DT,DATE,15,,1,FALSE,,,FALSE,PROVIDER-PROV_CLIA_EXP_DT
N,PROVIDER,PROV_CLIA_NUM,VARCHAR,16,,1,FALSE,,,FALSE,PROVIDER-PROV_CLIA_NUM
N,PROVIDER,PROV_CONTRACT_CLASSIFICATION,VARCHAR,17,,1,FALSE,"BILLING,RENDERING",,FALSE,PROVIDER-PROV_CONTRACT_CLASSIFICATION
N,PROVIDER,PROV_COUNTY,VARCHAR,18,,1,FALSE,"BILLING,RENDERING",,FALSE,PROVIDER-PROV_COUNTY
N,PROVIDER,PROV_DEA_EXP_DT,DATE,19,,1,FALSE,,,FALSE,PROVIDER-PROV_DEA_EXP_DT
N,PROVIDER,PROV_DEA_NUM,VARCHAR,20,,1,FALSE,"BILLING,RENDERING",,FALSE,PROVIDER-PROV_DEA_NUM
N,PROVIDER,PROV_DEGREE,VARCHAR,21,,1,FALSE,,,FALSE,PROVIDER-PROV_DEGREE
N,PROVIDER,PROV_EMAIL,VARCHAR,22,,1,FALSE,,,FALSE,PROVIDER-PROV_EMAIL
N,PROVIDER,PROV_EXCLUDE_FROM_DIRECTORY,VARCHAR,23,,1,FALSE,,,FALSE,PROVIDER-PROV_EXCLUDE_FROM_DIRECTORY
N,PROVIDER,PROV_EXCLUDE_REASON,VARCHAR,24,,1,FALSE,,,FALSE,PROVIDER-PROV_EXCLUDE_REASON
N,PROVIDER,PROV_FAX_NUM,VARCHAR,25,,1,FALSE,,,FALSE,PROVIDER-PROV_FAX_NUM
N,PROVIDER,PROV_FIRST_NAME,VARCHAR,26,,1,FALSE,"BILLING,REFERRING,RENDERING",,FALSE,PROVIDER-PROV_FIRST_NAME
N,PROVIDER,PROV_FULL_NAME,VARCHAR,27,,1,FALSE,"BILLING,BILLING_GROUP,REFERRING,REFERRING_GROUP,RENDERING,RENDERING_GROUP",,FALSE,PROVIDER-PROV_FULL_NAME
N,PROVIDER,PROV_GENDER,VARCHAR,28,,1,FALSE,,,FALSE,PROVIDER-PROV_GENDER
N,PROVIDER,PROV_GROUP_NAME_FULL,VARCHAR,29,,1,FALSE,"BILLING,RENDERING",,FALSE,PROVIDER-PROV_GROUP_NAME_FULL
N,PROVIDER,PROV_HANDICAP_ACCESSIBILITY_DESC,VARCHAR,30,,1,FALSE,,,FALSE,PROVIDER-PROV_HANDICAP_ACCESSIBILITY_DESC
N,PROVIDER,PROV_HANDICAP_ACCESSIBILITY_IND,VARCHAR,31,,1,FALSE,,,FALSE,PROVIDER-PROV_HANDICAP_ACCESSIBILITY_IND
N,PROVIDER,PROV_ISSUED_DT,DATE,32,,1,FALSE,,,FALSE,PROVIDER-PROV_ISSUED_DT
N,PROVIDER,PROV_LANGUAGE_1,VARCHAR,33,,1,FALSE,,,FALSE,PROVIDER-PROV_LANGUAGE_1
N,PROVIDER,PROV_LANGUAGE_2,VARCHAR,34,,1,FALSE,,,FALSE,PROVIDER-PROV_LANGUAGE_2
N,PROVIDER,PROV_LANGUAGE_3,VARCHAR,35,,1,FALSE,,,FALSE,PROVIDER-PROV_LANGUAGE_3
N,PROVIDER,PROV_LAST_NAME,VARCHAR,36,,1,FALSE,"BILLING,RENDERING",,FALSE,PROVIDER-PROV_LAST_NAME
N,PROVIDER,PROV_LAST_VERIFIED_DT,DATE,37,,1,FALSE,,,FALSE,PROVIDER-PROV_LAST_VERIFIED_DT
N,PROVIDER,PROV_LATITUDE,NUMBER,38,,1,FALSE,,,FALSE,PROVIDER-PROV_LATITUDE
N,PROVIDER,PROV_LICENSE_1_EXP_DT,DATE,39,,1,FALSE,,,FALSE,PROVIDER-PROV_LICENSE_1_EXP_DT
N,PROVIDER,PROV_LICENSE_1_NUM,VARCHAR,40,,1,FALSE,"BILLING,RENDERING",,FALSE,PROVIDER-PROV_LICENSE_1_NUM
N,PROVIDER,PROV_LICENSE_2_EXP_DT,DATE,41,,1,FALSE,,,FALSE,PROVIDER-PROV_LICENSE_2_EXP_DT
N,PROVIDER,PROV_LICENSE_2_NUM,VARCHAR,42,,1,FALSE,,,FALSE,PROVIDER-PROV_LICENSE_2_NUM
N,PROVIDER,PROV_LICENSE_3_EXP_DT,DATE,43,,1,FALSE,,,FALSE,PROVIDER-PROV_LICENSE_3_EXP_DT
N,PROVIDER,PROV_LICENSE_3_NUM,VARCHAR,44,,1,FALSE,,,FALSE,PROVIDER-PROV_LICENSE_3_NUM
N,PROVIDER,PROV_LICENSE_STATE_1_CD,VARCHAR,45,,1,FALSE,,,FALSE,PROVIDER-PROV_LICENSE_STATE_1_CD
N,PROVIDER,PROV_LICENSE_STATE_2_CD,VARCHAR,46,,1,FALSE,,,FALSE,PROVIDER-PROV_LICENSE_STATE_2_CD
N,PROVIDER,PROV_LICENSE_STATE_3_CD,VARCHAR,47,,1,FALSE,,,FALSE,PROVIDER-PROV_LICENSE_STATE_3_CD
N,PROVIDER,PROV_LOB,VARCHAR,48,,1,FALSE,"BILLING,RENDERING",,FALSE,PROVIDER-PROV_LOB
N,PROVIDER,PROV_LOCATION_NAME,VARCHAR,49,,1,FALSE,,,FALSE,PROVIDER-PROV_LOCATION_NAME
N,PROVIDER,PROV_LONGITUDE,NUMBER,50,,1,FALSE,,,FALSE,PROVIDER-PROV_LONGITUDE
N,PROVIDER,PROV_MEDICAID_EXP_DT,DATE,51,,1,FALSE,,,FALSE,PROVIDER-PROV_MEDICAID_EXP_DT
N,PROVIDER,PROV_MEDICAID_ID,VARCHAR,52,,1,FALSE,"BILLING,BILLING_GROUP,RENDERING,RENDERING_GROUP",,FALSE,PROVIDER-PROV_MEDICAID_ID
N,PROVIDER,PROV_MEDICAID_STATE_CD,VARCHAR,53,,1,FALSE,,,FALSE,PROVIDER-PROV_MEDICAID_STATE_CD
N,PROVIDER,PROV_MEDICARE_ID,VARCHAR,54,,1,FALSE,"BILLING,BILLING_GROUP,RENDERING,RENDERING_GROUP",,FALSE,PROVIDER-PROV_MEDICARE_ID
N,PROVIDER,PROV_MIDDLE_NAME,VARCHAR,55,,1,FALSE,"BILLING,RENDERING",,FALSE,PROVIDER-PROV_MIDDLE_NAME
N,PROVIDER,PROV_NPI,VARCHAR,56,,1,FALSE,"ATTENDING,BILLING,BILLING_GROUP,OPERATING,PCP,REFERRING,REFERRING_GROUP,RENDERING,RENDERING_GROUP",,TRUE,PROVIDER-PROV_NPI
N,PROVIDER,PROV_OFFICE_PHONE_1_NUM,VARCHAR,57,,1,FALSE,,,FALSE,PROVIDER-PROV_OFFICE_PHONE_1_NUM
N,PROVIDER,PROV_OFFICE_PHONE_2_NUM,VARCHAR,58,,1,FALSE,,,FALSE,PROVIDER-PROV_OFFICE_PHONE_2_NUM
N,PROVIDER,PROV_PAR_NONPAR_IND,VARCHAR,59,,1,FALSE,,,FALSE,PROVIDER-PROV_PAR_NONPAR_IND
N,PROVIDER,PROV_PATIENT_AGE_MAX,NUMBER,60,,1,FALSE,,,FALSE,PROVIDER-PROV_PATIENT_AGE_MAX
N,PROVIDER,PROV_PATIENT_AGE_MIN,NUMBER,61,,1,FALSE,,,FALSE,PROVIDER-PROV_PATIENT_AGE_MIN
N,PROVIDER,PROV_PATIENT_GENDER_LIMITS,NUMBER,62,,1,FALSE,,,FALSE,PROVIDER-PROV_PATIENT_GENDER_LIMITS
N,PROVIDER,PROV_PATIENT_LIMIT,NUMBER,63,,1,FALSE,,,FALSE,PROVIDER-PROV_PATIENT_LIMIT
N,PROVIDER,PROV_PATIENT_NEW_ACCEPTANCE_IND,VARCHAR,64,,1,FALSE,,,FALSE,PROVIDER-PROV_PATIENT_NEW_ACCEPTANCE_IND
N,PROVIDER,PROV_PCP_IND,VARCHAR,65,,1,FALSE,,,FALSE,PROVIDER-PROV_PCP_IND
N,PROVIDER,PROV_PDM_EPSDT_ELIG_START_DT,DATE,66,,1,FALSE,,,FALSE,PROVIDER-PROV_PDM_EPSDT_ELIG_START_DT
N,PROVIDER,PROV_PHONE_NUM,VARCHAR,67,,1,FALSE,"BILLING,RENDERING",,FALSE,PROVIDER-PROV_PHONE_NUM
N,PROVIDER,PROV_POSTAL_CD,VARCHAR,68,,1,FALSE,"BILLING,BILLING_GROUP,RENDERING",,FALSE,PROVIDER-PROV_POSTAL_CD
N,PROVIDER,PROV_PRIMARY_LOCATION,VARCHAR,69,,1,FALSE,,,FALSE,PROVIDER-PROV_PRIMARY_LOCATION
N,PROVIDER,PROV_SERVICE_AREA,VARCHAR,70,,1,FALSE,"BILLING,RENDERING",,FALSE,PROVIDER-PROV_SERVICE_AREA
N,PROVIDER,PROV_SPECIALTY_1_CD,VARCHAR,71,,1,FALSE,"BILLING,RENDERING",,TRUE,PROVIDER-PROV_SPECIALTY_1_CD
N,PROVIDER,PROV_SPECIALTY_2_CD,VARCHAR,72,,1,FALSE,RENDERING,,FALSE,PROVIDER-PROV_SPECIALTY_2_CD
N,PROVIDER,PROV_SPECIALTY_3_CD,VARCHAR,73,,1,FALSE,,,FALSE,PROVIDER-PROV_SPECIALTY_3_CD
N,PROVIDER,PROV_SPECIALTY_1_CERT_BOARD,VARCHAR,74,,1,FALSE,,,FALSE,PROVIDER-PROV_SPECIALTY_1_CERT_BOARD
N,PROVIDER,PROV_SPECIALTY_1_CERT_DT,DATE,75,,1,FALSE,,,FALSE,PROVIDER-PROV_SPECIALTY_1_CERT_DT
N,PROVIDER,PROV_SPECIALTY_1_CERT_EXP_DT,DATE,76,,1,FALSE,,,FALSE,PROVIDER-PROV_SPECIALTY_1_CERT_EXP_DT
N,PROVIDER,PROV_SPECIALTY_1_DESC,VARCHAR,77,,1,FALSE,,,FALSE,PROVIDER-PROV_SPECIALTY_1_DESC
N,PROVIDER,PROV_SPECIALTY_1_MEETS_CRITERIA,VARCHAR,78,,1,FALSE,,,FALSE,PROVIDER-PROV_SPECIALTY_1_MEETS_CRITERIA
N,PROVIDER,PROV_SPECIALTY_1_STATUS,VARCHAR,79,,1,FALSE,,,FALSE,PROVIDER-PROV_SPECIALTY_1_STATUS
N,PROVIDER,PROV_SPECIALTY_2_CERT_BOARD,VARCHAR,80,,1,FALSE,,,FALSE,PROVIDER-PROV_SPECIALTY_2_CERT_BOARD
N,PROVIDER,PROV_SPECIALTY_2_CERT_DT,DATE,81,,1,FALSE,,,FALSE,PROVIDER-PROV_SPECIALTY_2_CERT_DT
N,PROVIDER,PROV_SPECIALTY_2_CERT_EXP_DT,DATE,82,,1,FALSE,,,FALSE,PROVIDER-PROV_SPECIALTY_2_CERT_EXP_DT
N,PROVIDER,PROV_SPECIALTY_2_DESC,VARCHAR,83,,1,FALSE,,,FALSE,PROVIDER-PROV_SPECIALTY_2_DESC
N,PROVIDER,PROV_SPECIALTY_2_MEETS_CRITERIA,VARCHAR,84,,1,FALSE,,,FALSE,PROVIDER-PROV_SPECIALTY_2_MEETS_CRITERIA
N,PROVIDER,PROV_SPECIALTY_2_STATUS,VARCHAR,85,,1,FALSE,,,FALSE,PROVIDER-PROV_SPECIALTY_2_STATUS
N,PROVIDER,PROV_SPECIALTY_3_CERT_BOARD,VARCHAR,86,,1,FALSE,,,FALSE,PROVIDER-PROV_SPECIALTY_3_CERT_BOARD
N,PROVIDER,PROV_SPECIALTY_3_CERT_DT,DATE,87,,1,FALSE,,,FALSE,PROVIDER-PROV_SPECIALTY_3_CERT_DT
N,PROVIDER,PROV_SPECIALTY_3_CERT_EXP_DT,DATE,88,,1,FALSE,,,FALSE,PROVIDER-PROV_SPECIALTY_3_CERT_EXP_DT
N,PROVIDER,PROV_SPECIALTY_3_DESC,VARCHAR,89,,1,FALSE,,,FALSE,PROVIDER-PROV_SPECIALTY_3_DESC
N,PROVIDER,PROV_SPECIALTY_3_MEETS_CRITERIA,VARCHAR,90,,1,FALSE,,,FALSE,PROVIDER-PROV_SPECIALTY_3_MEETS_CRITERIA
N,PROVIDER,PROV_SPECIALTY_3_STATUS,VARCHAR,91,,1,FALSE,,,FALSE,PROVIDER-PROV_SPECIALTY_3_STATUS
N,PROVIDER,PROV_STATE_CD,VARCHAR,93,,1,FALSE,"BILLING,BILLING_GROUP,RENDERING",,FALSE,PROVIDER-PROV_STATE_CD
N,PROVIDER,PROV_TIN_NUM,VARCHAR,94,,1,FALSE,"BILLING,BILLING_GROUP,RENDERING",,TRUE,PROVIDER-PROV_TIN_NUM
N,PROVIDER,PROV_TITLE,VARCHAR,95,,1,FALSE,"BILLING,RENDERING",,FALSE,PROVIDER-PROV_TITLE
N,PROVIDER,PROV_TYPE,VARCHAR,96,,1,FALSE,"BILLING,RENDERING",,TRUE,PROVIDER-PROV_TYPE
N,PROVIDER,PROV_TYPE_DESC,VARCHAR,97,,1,FALSE,"BILLING,RENDERING",,FALSE,PROVIDER-PROV_TYPE_DESC
N,PROVIDER,PROV_VERFICATION_SOURCE,VARCHAR,98,,1,FALSE,,,FALSE,PROVIDER-PROV_VERFICATION_SOURCE
N,PROVIDER,PROV_TAXONOMY_1_CD,VARCHAR,99,,1,FALSE,,,FALSE,PROVIDER-PROV_TAXONOMY_1_CD
N,PROVIDER,PROV_TAXONOMY_2_CD,VARCHAR,100,,1,FALSE,,,FALSE,PROVIDER-PROV_TAXONOMY_2_CD
N,PROVIDER,PROV_TAXONOMY_3_CD,VARCHAR,101,,1,FALSE,,,FALSE,PROVIDER-PROV_TAXONOMY_3_CD
N,MEMBER,MARKETPLACE_ID,VARCHAR,26,,2,FALSE,,MASK_VARCHAR,FALSE,MEMBER-MARKETPLACE_ID
N,MEMBER,MBR_BENEFIT_PKG,VARCHAR,28,,2,TRUE,,,FALSE,MEMBER-MBR_BENEFIT_PKG
N,MEMBER,MBR_ELIGIBILITY_EFFECTIVE_END_DT,DATE,29,,2,TRUE,,MASK_DATE,FALSE,MEMBER-MBR_ELIGIBILITY_EFFECTIVE_END_DT
N,MEMBER,MBR_ELIGIBILITY_EFFECTIVE_START_DT,DATE,30,,2,TRUE,,MASK_DATE,FALSE,MEMBER-MBR_ELIGIBILITY_EFFECTIVE_START_DT
N,MEMBER,MBR_GROUP_ID,VARCHAR,31,,2,FALSE,,,FALSE,MEMBER-MBR_GROUP_ID
N,MEMBER,MBR_NETWORK_CD,VARCHAR,32,,2,TRUE,,,FALSE,MEMBER-MBR_NETWORK_CD
N,MEMBER,MBR_NETWORK_DESC,VARCHAR,33,,2,TRUE,,,FALSE,MEMBER-MBR_NETWORK_DESC
N,MEMBER,MBR_PREMIUM_GROUP,VARCHAR,34,,2,TRUE,,,FALSE,MEMBER-MBR_PREMIUM_GROUP
N,MEMBER,MBR_PRODUCT_CD,VARCHAR,35,,2,FALSE,,,TRUE,MEMBER-MBR_PRODUCT_CD
N,MEMBER,MBR_PRODUCT_DESC,VARCHAR,36,,2,TRUE,,,FALSE,MEMBER-MBR_PRODUCT_DESC
N,MEMBER,MBR_PRODUCT_DESC_LONG,VARCHAR,37,,2,TRUE,,,FALSE,MEMBER-MBR_PRODUCT_DESC_LONG
N,MEMBER,MBR_PRODUCT_DIVISION,VARCHAR,38,,2,TRUE,,,FALSE,MEMBER-MBR_PRODUCT_DIVISION
N,MEMBER,MBR_PRODUCT_ID,VARCHAR,39,,2,TRUE,,,FALSE,MEMBER-MBR_PRODUCT_ID
N,MEMBER,MBR_PRODUCT_LINE_OF_BUSINESS,VARCHAR,40,,2,TRUE,,,TRUE,MEMBER-MBR_PRODUCT_LINE_OF_BUSINESS
N,MEMBER,MBR_PRODUCT_NAME,VARCHAR,41,,2,TRUE,,,FALSE,MEMBER-MBR_PRODUCT_NAME
N,MEMBER,MBR_PRODUCT_REGION,VARCHAR,42,,2,TRUE,,,FALSE,MEMBER-MBR_PRODUCT_REGION
N,MEMBER,MBR_PRODUCT_STATE_CD,VARCHAR,43,,2,TRUE,,,TRUE,MEMBER-MBR_PRODUCT_STATE_CD
N,MEMBER,MBR_PRODUCT_TYPE,VARCHAR,44,,2,TRUE,,,FALSE,MEMBER-MBR_PRODUCT_TYPE
N,MEMBER,MBR_PROGRAM_DESC,VARCHAR,45,,2,TRUE,,,FALSE,MEMBER-MBR_PROGRAM_DESC
N,MEMBER,MBR_PROGRAM_TYPE,VARCHAR,46,,2,TRUE,,,FALSE,MEMBER-MBR_PROGRAM_TYPE
N,MEMBER,MBR_SUB_PRODUCT_CD,VARCHAR,47,,2,TRUE,,,FALSE,MEMBER-MBR_SUB_PRODUCT_CD
N,MEMBER,MBR_SUBSCRIBER_ID,VARCHAR,48,,2,TRUE,,MASK_VARCHAR,FALSE,MEMBER-MBR_SUBSCRIBER_ID
N,MEMBER,MEDICAID_ID,VARCHAR,49,,2,TRUE,,MASK_VARCHAR,FALSE,MEMBER-MEDICAID_ID
N,MEMBER,MEDICARE_ID,VARCHAR,50,,2,TRUE,,MASK_VARCHAR,FALSE,MEMBER-MEDICARE_ID
N,MEMBER,MIDDLE_NAME,VARCHAR,51,,2,FALSE,,MASK_VARCHAR,FALSE,MEMBER-MIDDLE_NAME
N,MEMBER,MOTHER_MEDICAID_ID,VARCHAR,52,,2,TRUE,,MASK_VARCHAR,FALSE,MEMBER-MOTHER_MEDICAID_ID
N,MEMBER,NAME_PREFIX,VARCHAR,53,,2,FALSE,,MASK_VARCHAR,FALSE,MEMBER-NAME_PREFIX
N,MEMBER,NAME_SUFFIX,VARCHAR,54,,2,FALSE,,MASK_VARCHAR,FALSE,MEMBER-NAME_SUFFIX
N,MEMBER,NICU_IND,VARCHAR,55,,2,TRUE,,,FALSE,MEMBER-NICU_IND
N,MEMBER,PCP_ID,VARCHAR,56,,2,TRUE,,,FALSE,MEMBER-PCP_ID
N,MEMBER,RACE,VARCHAR,57,,2,FALSE,,,FALSE,MEMBER-RACE
N,MEMBER,REFERRAL_IND,VARCHAR,58,,2,FALSE,,,FALSE,MEMBER-REFERRAL_IND
N,MEMBER,REGION,VARCHAR,59,,2,FALSE,,,FALSE,MEMBER-REGION
N,MEMBER,SERVICE_AREA,VARCHAR,60,,2,FALSE,,,FALSE,MEMBER-SERVICE_AREA
N,MEMBER,EMPLOYER_NAME_PRIMARY,VARCHAR,61,,2,FALSE,,,FALSE,MEMBER-EMPLOYER_NAME_PRIMARY
N,MEMBER,EMPLOYER_NAME_SECONDARY,VARCHAR,62,,2,FALSE,,,FALSE,MEMBER-EMPLOYER_NAME_SECONDARY
N,MEMBER,EMPLOYER_NAME_TERTIARY,VARCHAR,63,,2,FALSE,,,FALSE,MEMBER-EMPLOYER_NAME_TERTIARY
N,MEMBER,HEALTH_PLAN_ID_PRIMARY,VARCHAR,64,,2,FALSE,,MASK_VARCHAR,FALSE,MEMBER-HEALTH_PLAN_ID_PRIMARY
N,MEMBER,HEALTH_PLAN_ID_SECONDARY,VARCHAR,65,,2,FALSE,,MASK_VARCHAR,FALSE,MEMBER-HEALTH_PLAN_ID_SECONDARY
N,MEMBER,HEALTH_PLAN_ID_TERTIARY,VARCHAR,66,,2,FALSE,,MASK_VARCHAR,FALSE,MEMBER-HEALTH_PLAN_ID_TERTIARY
N,MEMBER,PRIMARY_LANGUAGE,VARCHAR,66,,2,TRUE,,,FALSE,MEMBER-PRIMARY_LANGUAGE
N,MEMBER,DP_CREATE_TIMESTAMP,TIMESTAMP_NTZ,1,Technical column,2,TRUE,,,FALSE,MEMBER-DP_CREATE_TIMESTAMP
N,MEMBER,DP_UPDATE_TIMESTAMP,TIMESTAMP_NTZ,2,Technical column,2,TRUE,,,FALSE,MEMBER-DP_UPDATE_TIMESTAMP
N,MEMBER,DP_RUN_ID,VARCHAR,3,"Technical column, idicates unique MWAA run id",2,TRUE,,,FALSE,MEMBER-DP_RUN_ID
N,MEMBER,DP_SOURCE_FILE_GROUP,VARCHAR,5,Says if given record is coming from Member File or Claim Line,2,TRUE,,,FALSE,MEMBER-DP_SOURCE_FILE_GROUP
N,MEMBER,DP_LAST_LOAD_FLAG,VARCHAR,3,"Technical column, idicates unique MWAA run id",2,TRUE,,,FALSE,MEMBER-DP_LAST_LOAD_FLAG
N,MEMBER,MEMBER_SID,"NUMBER(38,0) NOT NULL",6,Surrogate key,2,TRUE,,,FALSE,MEMBER-MEMBER_SID
N,MEMBER,MEMBER_ID,VARCHAR,7,,2,TRUE,,MASK_VARCHAR,TRUE,MEMBER-MEMBER_ID
N,MEMBER,ADD_LINE_1,VARCHAR,8,,2,FALSE,,MASK_VARCHAR,FALSE,MEMBER-ADD_LINE_1
N,MEMBER,ADD_LINE_2,VARCHAR,9,,2,FALSE,,MASK_VARCHAR,FALSE,MEMBER-ADD_LINE_2
N,MEMBER,POSTAL_CD,VARCHAR,10,,2,FALSE,,MASK_ZIP_CODE,FALSE,MEMBER-POSTAL_CD
N,MEMBER,STATE_CD,VARCHAR,11,,2,FALSE,,,TRUE,MEMBER-STATE_CD
N,MEMBER,BENEFIT_PACKAGE,VARCHAR,12,,2,TRUE,,,FALSE,MEMBER-BENEFIT_PACKAGE
N,MEMBER,BIRTH_DT,DATE,13,,2,TRUE,,MASK_BIRTH_DATE,TRUE,MEMBER-BIRTH_DT
N,MEMBER,CITY,VARCHAR,15,,2,TRUE,,MASK_VARCHAR,FALSE,MEMBER-CITY
N,MEMBER,COUNTY,VARCHAR,16,,2,FALSE,,MASK_VARCHAR,FALSE,MEMBER-COUNTY
N,MEMBER,DEATH_DT,DATE,17,,2,TRUE,,MASK_DATE,FALSE,MEMBER-DEATH_DT
N,MEMBER,DUAL_IND,VARCHAR,18,,2,TRUE,,,FALSE,MEMBER-DUAL_IND
N,MEMBER,FIRST_NAME,VARCHAR,19,,2,FALSE,,MASK_VARCHAR,FALSE,MEMBER-FIRST_NAME
N,MEMBER,FULL_NAME,VARCHAR,20,,2,TRUE,,MASK_VARCHAR,FALSE,MEMBER-FULL_NAME
N,MEMBER,GENDER,VARCHAR,21,,2,TRUE,,,FALSE,MEMBER-GENDER
N,MEMBER,LAST_NAME,VARCHAR,22,,2,FALSE,,MASK_VARCHAR,FALSE,MEMBER-LAST_NAME
N,MEMBER,LATTITUDE,NUMBER,23,,2,FALSE,,MASK_NUMBER,FALSE,MEMBER-LATTITUDE
N,MEMBER,LONGITUDE,NUMBER,24,,2,FALSE,,MASK_NUMBER,FALSE,MEMBER-LONGITUDE
N,MEMBER,MARITAL_STATUS_CD,VARCHAR,25,,2,FALSE,,,FALSE,MEMBER-MARITAL_STATUS_CD
N,MEMBER,PHONE_NUM,VARCHAR,26,,2,FALSE,,MASK_VARCHAR,FALSE,MEMBER-PHONE_NUM
N,PATIENT,PAT_RELATION_CD_TERTIARY,VARCHAR,69,,3,FALSE,,,FALSE,PATIENT-PAT_RELATION_CD_TERTIARY
N,PATIENT,DP_CREATE_TIMESTAMP,TIMESTAMP_NTZ,1,Technical column,3,TRUE,,,FALSE,PATIENT-DP_CREATE_TIMESTAMP
N,PATIENT,DP_UPDATE_TIMESTAMP,TIMESTAMP_NTZ,2,Technical column,3,TRUE,,,FALSE,PATIENT-DP_UPDATE_TIMESTAMP
N,PATIENT,DP_RUN_ID,VARCHAR,3,"Technical column, idicates unique MWAA run id",3,TRUE,,,FALSE,PATIENT-DP_RUN_ID
N,PATIENT,DP_LAST_LOAD_FLAG,VARCHAR,3,"Technical column, idicates unique MWAA run id",3,TRUE,,,FALSE,PATIENT-DP_LAST_LOAD_FLAG
N,PATIENT,PATIENT_SID,"NUMBER(38,0) NOT NULL",5,Surrogate key,3,TRUE,,,FALSE,PATIENT-PATIENT_SID
N,PATIENT,PATIENT_ID,VARCHAR,6,,3,TRUE,,,FALSE,PATIENT-PATIENT_ID
N,PATIENT,PAT_ACCOUNT_NUM,VARCHAR,7,,3,FALSE,,MASK_VARCHAR,FALSE,PATIENT-PAT_ACCOUNT_NUM
N,PATIENT,PAT_ADD_LINE_1,VARCHAR,8,,3,FALSE,,MASK_VARCHAR,FALSE,PATIENT-PAT_ADD_LINE_1
N,PATIENT,PAT_ADD_LINE_2,VARCHAR,9,,3,FALSE,,MASK_VARCHAR,FALSE,PATIENT-PAT_ADD_LINE_2
N,PATIENT,PAT_POSTAL_CD,VARCHAR,10,,3,TRUE,,MASK_ZIP_CODE,FALSE,PATIENT-PAT_POSTAL_CD
N,PATIENT,PAT_STATE_CD,VARCHAR,11,,3,TRUE,,,FALSE,PATIENT-PAT_STATE_CD
N,PATIENT,PAT_AGE,NUMBER,12,,3,TRUE,,MASK_AGE,FALSE,PATIENT-PAT_AGE
N,PATIENT,PAT_BIRTH_DT,DATE,13,,3,TRUE,,MASK_BIRTH_DATE,TRUE,PATIENT-PAT_BIRTH_DT
N,PATIENT,PAT_CITY,VARCHAR,14,,3,TRUE,,MASK_VARCHAR,FALSE,PATIENT-PAT_CITY
N,PATIENT,PAT_COUNTY,VARCHAR,15,,3,TRUE,,MASK_VARCHAR,FALSE,PATIENT-PAT_COUNTY
N,PATIENT,PAT_FIRST_NAME,VARCHAR,16,,3,FALSE,,MASK_VARCHAR,FALSE,PATIENT-PAT_FIRST_NAME
N,PATIENT,PAT_FULL_NAME,VARCHAR,17,,3,TRUE,,MASK_VARCHAR,FALSE,PATIENT-PAT_FULL_NAME
N,PATIENT,PAT_GENDER,VARCHAR,18,,3,TRUE,,,FALSE,PATIENT-PAT_GENDER
N,PATIENT,PAT_LAST_NAME,VARCHAR,19,,3,FALSE,,MASK_VARCHAR,FALSE,PATIENT-PAT_LAST_NAME
N,PATIENT,PAT_MIDDLE_NAME,VARCHAR,20,,3,FALSE,,MASK_VARCHAR,FALSE,PATIENT-PAT_MIDDLE_NAME
N,PATIENT,PAT_PHONE_NUM,VARCHAR,21,,3,FALSE,,MASK_VARCHAR,FALSE,PATIENT-PAT_PHONE_NUM
N,PATIENT,INSURED_GROUP_NAME_PRIMARY,VARCHAR,22,,3,FALSE,,,FALSE,PATIENT-INSURED_GROUP_NAME_PRIMARY
N,PATIENT,INSURED_GROUP_NAME_SECONDARY,VARCHAR,23,,3,FALSE,,,FALSE,PATIENT-INSURED_GROUP_NAME_SECONDARY
N,PATIENT,INSURED_GROUP_NAME_TERTIARY,VARCHAR,24,,3,FALSE,,,FALSE,PATIENT-INSURED_GROUP_NAME_TERTIARY
N,PATIENT,INSURED_GROUP_NUM_PRIMARY,VARCHAR,25,,3,FALSE,,,FALSE,PATIENT-INSURED_GROUP_NUM_PRIMARY
N,PATIENT,INSURED_GROUP_NUM_SECONDARY,VARCHAR,26,,3,FALSE,,,FALSE,PATIENT-INSURED_GROUP_NUM_SECONDARY
N,PATIENT,INSURED_GROUP_NUM_TERTIARY,VARCHAR,27,,3,FALSE,,,FALSE,PATIENT-INSURED_GROUP_NUM_TERTIARY
N,PATIENT,INSURED_ID_PRIMARY,VARCHAR,28,,3,FALSE,,MASK_VARCHAR,FALSE,PATIENT-INSURED_ID_PRIMARY
N,PATIENT,INSURED_ID_SECONDARY,VARCHAR,29,,3,FALSE,,MASK_VARCHAR,FALSE,PATIENT-INSURED_ID_SECONDARY
N,PATIENT,INSURED_ID_TERTIARY,VARCHAR,30,,3,FALSE,,MASK_VARCHAR,FALSE,PATIENT-INSURED_ID_TERTIARY
N,PATIENT,INSURED_MBR_NAME_PRIMARY,VARCHAR,31,,3,FALSE,,MASK_VARCHAR,FALSE,PATIENT-INSURED_MBR_NAME_PRIMARY
N,PATIENT,INSURED_MBR_NAME_SECONDARY,VARCHAR,32,,3,FALSE,,MASK_VARCHAR,FALSE,PATIENT-INSURED_MBR_NAME_SECONDARY
N,PATIENT,INSURED_MBR_NAME_TERTIARY,VARCHAR,33,,3,FALSE,,MASK_VARCHAR,FALSE,PATIENT-INSURED_MBR_NAME_TERTIARY
N,PATIENT,PAT_RELATION_CD_PRIMARY,VARCHAR,67,,3,FALSE,,,FALSE,PATIENT-PAT_RELATION_CD_PRIMARY
N,PATIENT,PAT_RELATION_CD_SECONDARY,VARCHAR,68,,3,FALSE,,,FALSE,PATIENT-PAT_RELATION_CD_SECONDARY
N,PATIENT,PAT_BIRTH_WEIGHT,"NUMBER(38,2)",220,,3,FALSE,,,FALSE,PATIENT-PAT_BIRTH_WEIGHT
N,CLAIM_HEADER,DIAG_CD_16,VARCHAR,132,,5,TRUE,,,FALSE,CLAIM_HEADER-DIAG_CD_16
N,CLAIM_HEADER,DIAG_CD_16_POA,VARCHAR,133,,5,TRUE,,,FALSE,CLAIM_HEADER-DIAG_CD_16_POA
N,CLAIM_HEADER,DIAG_CD_17,VARCHAR,134,,5,TRUE,,,FALSE,CLAIM_HEADER-DIAG_CD_17
N,CLAIM_HEADER,DIAG_CD_17_POA,VARCHAR,135,,5,TRUE,,,FALSE,CLAIM_HEADER-DIAG_CD_17_POA
N,CLAIM_HEADER,DIAG_CD_18,VARCHAR,136,,5,TRUE,,,FALSE,CLAIM_HEADER-DIAG_CD_18
N,CLAIM_HEADER,DIAG_CD_18_POA,VARCHAR,137,,5,TRUE,,,FALSE,CLAIM_HEADER-DIAG_CD_18_POA
N,CLAIM_HEADER,DIAG_CD_19,VARCHAR,138,,5,TRUE,,,FALSE,CLAIM_HEADER-DIAG_CD_19
N,CLAIM_HEADER,DIAG_CD_19_POA,VARCHAR,139,,5,TRUE,,,FALSE,CLAIM_HEADER-DIAG_CD_19_POA
N,CLAIM_HEADER,DIAG_CD_20,VARCHAR,140,,5,TRUE,,,FALSE,CLAIM_HEADER-DIAG_CD_20
N,CLAIM_HEADER,DIAG_CD_20_POA,VARCHAR,141,,5,TRUE,,,FALSE,CLAIM_HEADER-DIAG_CD_20_POA
N,CLAIM_HEADER,DIAG_CD_21,VARCHAR,142,,5,TRUE,,,FALSE,CLAIM_HEADER-DIAG_CD_21
N,CLAIM_HEADER,DIAG_CD_21_POA,VARCHAR,143,,5,TRUE,,,FALSE,CLAIM_HEADER-DIAG_CD_21_POA
N,CLAIM_HEADER,DIAG_CD_22,VARCHAR,144,,5,TRUE,,,FALSE,CLAIM_HEADER-DIAG_CD_22
N,CLAIM_HEADER,DIAG_CD_22_POA,VARCHAR,145,,5,TRUE,,,FALSE,CLAIM_HEADER-DIAG_CD_22_POA
N,CLAIM_HEADER,DIAG_CD_23,VARCHAR,146,,5,TRUE,,,FALSE,CLAIM_HEADER-DIAG_CD_23
N,CLAIM_HEADER,DIAG_CD_23_POA,VARCHAR,147,,5,TRUE,,,FALSE,CLAIM_HEADER-DIAG_CD_23_POA
N,CLAIM_HEADER,DIAG_CD_24,VARCHAR,148,,5,TRUE,,,FALSE,CLAIM_HEADER-DIAG_CD_24
N,CLAIM_HEADER,DIAG_CD_24_POA,VARCHAR,149,,5,TRUE,,,FALSE,CLAIM_HEADER-DIAG_CD_24_POA
N,CLAIM_HEADER,DIAG_CD_25,VARCHAR,150,,5,TRUE,,,FALSE,CLAIM_HEADER-DIAG_CD_25
N,CLAIM_HEADER,DIAG_CD_25_POA,VARCHAR,151,,5,TRUE,,,FALSE,CLAIM_HEADER-DIAG_CD_25_POA
N,CLAIM_HEADER,DIAG_ICD_VERSION_IND,VARCHAR,152,,5,TRUE,,,FALSE,CLAIM_HEADER-DIAG_ICD_VERSION_IND
N,CLAIM_HEADER,EXTERNAL_CAUSE_INJURY_CD_01,VARCHAR,153,,5,FALSE,,,FALSE,CLAIM_HEADER-EXTERNAL_CAUSE_INJURY_CD_01
N,CLAIM_HEADER,EXTERNAL_CAUSE_INJURY_CD_01_POA,VARCHAR,154,,5,FALSE,,,FALSE,CLAIM_HEADER-EXTERNAL_CAUSE_INJURY_CD_01_POA
N,CLAIM_HEADER,EXTERNAL_CAUSE_INJURY_CD_02,VARCHAR,155,,5,FALSE,,,FALSE,CLAIM_HEADER-EXTERNAL_CAUSE_INJURY_CD_02
N,CLAIM_HEADER,EXTERNAL_CAUSE_INJURY_CD_02_POA,VARCHAR,156,,5,FALSE,,,FALSE,CLAIM_HEADER-EXTERNAL_CAUSE_INJURY_CD_02_POA
N,CLAIM_HEADER,EXTERNAL_CAUSE_INJURY_CD_03,VARCHAR,157,,5,FALSE,,,FALSE,CLAIM_HEADER-EXTERNAL_CAUSE_INJURY_CD_03
N,CLAIM_HEADER,EXTERNAL_CAUSE_INJURY_CD_03_POA,VARCHAR,158,,5,FALSE,,,FALSE,CLAIM_HEADER-EXTERNAL_CAUSE_INJURY_CD_03_POA
N,CLAIM_HEADER,EXTERNAL_CAUSE_INJURY_CD_04,VARCHAR,159,,5,FALSE,,,FALSE,CLAIM_HEADER-EXTERNAL_CAUSE_INJURY_CD_04
N,CLAIM_HEADER,EXTERNAL_CAUSE_INJURY_CD_04_POA,VARCHAR,160,,5,FALSE,,,FALSE,CLAIM_HEADER-EXTERNAL_CAUSE_INJURY_CD_04_POA
N,CLAIM_HEADER,EXTERNAL_CAUSE_INJURY_CD_05,VARCHAR,161,,5,FALSE,,,FALSE,CLAIM_HEADER-EXTERNAL_CAUSE_INJURY_CD_05
N,CLAIM_HEADER,EXTERNAL_CAUSE_INJURY_CD_05_POA,VARCHAR,162,,5,FALSE,,,FALSE,CLAIM_HEADER-EXTERNAL_CAUSE_INJURY_CD_05_POA
N,CLAIM_HEADER,EXTERNAL_CAUSE_INJURY_CD_06,VARCHAR,163,,5,FALSE,,,FALSE,CLAIM_HEADER-EXTERNAL_CAUSE_INJURY_CD_06
N,CLAIM_HEADER,EXTERNAL_CAUSE_INJURY_CD_06_POA,VARCHAR,164,,5,FALSE,,,FALSE,CLAIM_HEADER-EXTERNAL_CAUSE_INJURY_CD_06_POA
N,CLAIM_HEADER,EXTERNAL_CAUSE_INJURY_CD_07,VARCHAR,165,,5,FALSE,,,FALSE,CLAIM_HEADER-EXTERNAL_CAUSE_INJURY_CD_07
N,CLAIM_HEADER,EXTERNAL_CAUSE_INJURY_CD_07_POA,VARCHAR,166,,5,FALSE,,,FALSE,CLAIM_HEADER-EXTERNAL_CAUSE_INJURY_CD_07_POA
N,CLAIM_HEADER,EXTERNAL_CAUSE_INJURY_CD_08,VARCHAR,167,,5,FALSE,,,FALSE,CLAIM_HEADER-EXTERNAL_CAUSE_INJURY_CD_08
N,CLAIM_HEADER,EXTERNAL_CAUSE_INJURY_CD_08_POA,VARCHAR,168,,5,FALSE,,,FALSE,CLAIM_HEADER-EXTERNAL_CAUSE_INJURY_CD_08_POA
N,CLAIM_HEADER,EXTERNAL_CAUSE_INJURY_CD_09,VARCHAR,169,,5,FALSE,,,FALSE,CLAIM_HEADER-EXTERNAL_CAUSE_INJURY_CD_09
N,CLAIM_HEADER,EXTERNAL_CAUSE_INJURY_CD_09_POA,VARCHAR,170,,5,FALSE,,,FALSE,CLAIM_HEADER-EXTERNAL_CAUSE_INJURY_CD_09_POA
N,CLAIM_HEADER,EXTERNAL_CAUSE_INJURY_CD_10,VARCHAR,171,,5,FALSE,,,FALSE,CLAIM_HEADER-EXTERNAL_CAUSE_INJURY_CD_10
N,CLAIM_HEADER,EXTERNAL_CAUSE_INJURY_CD_10_POA,VARCHAR,172,,5,FALSE,,,FALSE,CLAIM_HEADER-EXTERNAL_CAUSE_INJURY_CD_10_POA
N,CLAIM_HEADER,EXTERNAL_CAUSE_INJURY_CD_11,VARCHAR,173,,5,FALSE,,,FALSE,CLAIM_HEADER-EXTERNAL_CAUSE_INJURY_CD_11
N,CLAIM_HEADER,EXTERNAL_CAUSE_INJURY_CD_11_POA,VARCHAR,174,,5,FALSE,,,FALSE,CLAIM_HEADER-EXTERNAL_CAUSE_INJURY_CD_11_POA
N,CLAIM_HEADER,PROC_CD_01,VARCHAR,263,,5,TRUE,,,FALSE,CLAIM_HEADER-PROC_CD_01
N,CLAIM_HEADER,PROC_CD_02,VARCHAR,264,,5,TRUE,,,FALSE,CLAIM_HEADER-PROC_CD_02
N,CLAIM_HEADER,PROC_CD_03,VARCHAR,265,,5,TRUE,,,FALSE,CLAIM_HEADER-PROC_CD_03
N,CLAIM_HEADER,PROC_CD_04,VARCHAR,266,,5,TRUE,,,FALSE,CLAIM_HEADER-PROC_CD_04
N,CLAIM_HEADER,PROC_CD_05,VARCHAR,267,,5,TRUE,,,FALSE,CLAIM_HEADER-PROC_CD_05
N,CLAIM_HEADER,PROC_CD_06,VARCHAR,268,,5,TRUE,,,FALSE,CLAIM_HEADER-PROC_CD_06
N,CLAIM_HEADER,PROC_CD_07,VARCHAR,269,,5,TRUE,,,FALSE,CLAIM_HEADER-PROC_CD_07
N,CLAIM_HEADER,PROC_CD_08,VARCHAR,270,,5,TRUE,,,FALSE,CLAIM_HEADER-PROC_CD_08
N,CLAIM_HEADER,PROC_CD_09,VARCHAR,271,,5,TRUE,,,FALSE,CLAIM_HEADER-PROC_CD_09
N,CLAIM_HEADER,PROC_CD_10,VARCHAR,272,,5,TRUE,,,FALSE,CLAIM_HEADER-PROC_CD_10
N,CLAIM_HEADER,PROC_CD_11,VARCHAR,273,,5,TRUE,,,FALSE,CLAIM_HEADER-PROC_CD_11
N,CLAIM_HEADER,PROC_CD_12,VARCHAR,274,,5,TRUE,,,FALSE,CLAIM_HEADER-PROC_CD_12
N,CLAIM_HEADER,PROC_CD_13,VARCHAR,275,,5,TRUE,,,FALSE,CLAIM_HEADER-PROC_CD_13
N,CLAIM_HEADER,PROC_CD_14,VARCHAR,276,,5,TRUE,,,FALSE,CLAIM_HEADER-PROC_CD_14
N,CLAIM_HEADER,PROC_CD_15,VARCHAR,277,,5,TRUE,,,FALSE,CLAIM_HEADER-PROC_CD_15
N,CLAIM_HEADER,PROC_CD_16,VARCHAR,278,,5,TRUE,,,FALSE,CLAIM_HEADER-PROC_CD_16
N,CLAIM_HEADER,PROC_CD_17,VARCHAR,279,,5,TRUE,,,FALSE,CLAIM_HEADER-PROC_CD_17
N,CLAIM_HEADER,PROC_CD_18,VARCHAR,280,,5,TRUE,,,FALSE,CLAIM_HEADER-PROC_CD_18
N,CLAIM_HEADER,PROC_CD_19,VARCHAR,281,,5,TRUE,,,FALSE,CLAIM_HEADER-PROC_CD_19
N,CLAIM_HEADER,PROC_CD_20,VARCHAR,282,,5,TRUE,,,FALSE,CLAIM_HEADER-PROC_CD_20
N,CLAIM_HEADER,PROC_CD_21,VARCHAR,283,,5,TRUE,,,FALSE,CLAIM_HEADER-PROC_CD_21
N,CLAIM_HEADER,PROC_CD_22,VARCHAR,284,,5,TRUE,,,FALSE,CLAIM_HEADER-PROC_CD_22
N,CLAIM_HEADER,PROC_CD_23,VARCHAR,285,,5,TRUE,,,FALSE,CLAIM_HEADER-PROC_CD_23
N,CLAIM_HEADER,PROC_CD_24,VARCHAR,286,,5,TRUE,,,FALSE,CLAIM_HEADER-PROC_CD_24
N,CLAIM_HEADER,PROC_CD_25,VARCHAR,287,,5,TRUE,,,FALSE,CLAIM_HEADER-PROC_CD_25
N,CLAIM_HEADER,PROC_ICD_VERSION_IND,VARCHAR,287,,5,FALSE,,,FALSE,CLAIM_HEADER-PROC_ICD_VERSION_IND
N,CLAIM_HEADER,PROF_ACCEPT_ASSIGNMENT,VARCHAR,288,,5,FALSE,,,FALSE,CLAIM_HEADER-PROF_ACCEPT_ASSIGNMENT
N,CLAIM_HEADER,PROF_ADDITIONAL_INFO,VARCHAR,289,,5,FALSE,,,FALSE,CLAIM_HEADER-PROF_ADDITIONAL_INFO
N,CLAIM_HEADER,PROF_RESUBMISSION_CODE,VARCHAR,290,,5,FALSE,,,FALSE,CLAIM_HEADER-PROF_RESUBMISSION_CODE
N,CLAIM_HEADER,PROF_SERVICE_LOCATION_NAME,VARCHAR,291,,5,TRUE,,,FALSE,CLAIM_HEADER-PROF_SERVICE_LOCATION_NAME
N,CLAIM_HEADER,PROF_SERVICE_LOCATION_NPI,VARCHAR,292,,5,TRUE,,,FALSE,CLAIM_HEADER-PROF_SERVICE_LOCATION_NPI
N,CLAIM_HEADER,TPP_OTHER_LIABILITY_AUTO,VARCHAR,293,,5,FALSE,,,FALSE,CLAIM_HEADER-TPP_OTHER_LIABILITY_AUTO
N,CLAIM_HEADER,TPP_OTHER_LIABILITY_EMPLOYMENT,VARCHAR,294,,5,FALSE,,,FALSE,CLAIM_HEADER-TPP_OTHER_LIABILITY_EMPLOYMENT
N,CLAIM_HEADER,TPP_OTHER_LIABILITY_OTHER,VARCHAR,295,,5,FALSE,,,FALSE,CLAIM_HEADER-TPP_OTHER_LIABILITY_OTHER
N,CLAIM_HEADER,TPP_PAYER_NAME_PRIMARY,VARCHAR,296,,5,FALSE,,,FALSE,CLAIM_HEADER-TPP_PAYER_NAME_PRIMARY
N,CLAIM_HEADER,TPP_PAYER_NAME_SECONDARY,VARCHAR,297,,5,FALSE,,,FALSE,CLAIM_HEADER-TPP_PAYER_NAME_SECONDARY
N,CLAIM_HEADER,TPP_PAYER_NAME_TERTIARY,VARCHAR,298,,5,FALSE,,,FALSE,CLAIM_HEADER-TPP_PAYER_NAME_TERTIARY
N,CLAIM_HEADER,VALUE_AMT_01,"NUMBER(38,2)",299,,5,TRUE,,,FALSE,CLAIM_HEADER-VALUE_AMT_01
N,CLAIM_HEADER,VALUE_AMT_02,"NUMBER(38,2)",300,,5,TRUE,,,FALSE,CLAIM_HEADER-VALUE_AMT_02
N,CLAIM_HEADER,VALUE_AMT_03,"NUMBER(38,2)",301,,5,TRUE,,,FALSE,CLAIM_HEADER-VALUE_AMT_03
N,CLAIM_HEADER,VALUE_AMT_04,"NUMBER(38,2)",302,,5,TRUE,,,FALSE,CLAIM_HEADER-VALUE_AMT_04
N,CLAIM_HEADER,VALUE_AMT_05,"NUMBER(38,2)",303,,5,TRUE,,,FALSE,CLAIM_HEADER-VALUE_AMT_05
N,CLAIM_HEADER,VALUE_AMT_06,"NUMBER(38,2)",304,,5,FALSE,,,FALSE,CLAIM_HEADER-VALUE_AMT_06
N,CLAIM_HEADER,VALUE_AMT_07,"NUMBER(38,2)",305,,5,FALSE,,,FALSE,CLAIM_HEADER-VALUE_AMT_07
N,CLAIM_HEADER,CLAIM_DOC_CONTROL_NUM_PRIMARY,VARCHAR,44,,5,FALSE,,MASK_VARCHAR,FALSE,CLAIM_HEADER-CLAIM_DOC_CONTROL_NUM_PRIMARY
N,CLAIM_HEADER,CLAIM_DOC_CONTROL_NUM_SECONDARY,VARCHAR,45,,5,FALSE,,MASK_VARCHAR,FALSE,CLAIM_HEADER-CLAIM_DOC_CONTROL_NUM_SECONDARY
N,CLAIM_HEADER,CLAIM_DOC_CONTROL_NUM_TERTIARY,VARCHAR,46,,5,FALSE,,MASK_VARCHAR,FALSE,CLAIM_HEADER-CLAIM_DOC_CONTROL_NUM_TERTIARY
N,CLAIM_HEADER,CLAIM_FACILITY_APR_DRG_ALLOWED_AMT,"NUMBER(38,2)",47,,5,TRUE,,,FALSE,CLAIM_HEADER-CLAIM_FACILITY_APR_DRG_ALLOWED_AMT
N,CLAIM_HEADER,CLAIM_FACILITY_APR_DRG_BILLED_AMT,"NUMBER(38,2)",48,,5,TRUE,,,FALSE,CLAIM_HEADER-CLAIM_FACILITY_APR_DRG_BILLED_AMT
N,CLAIM_HEADER,CLAIM_FACILITY_APR_DRG_PAID_AMT,"NUMBER(38,2)",49,,5,TRUE,,,FALSE,CLAIM_HEADER-CLAIM_FACILITY_APR_DRG_PAID_AMT
N,CLAIM_HEADER,CLAIM_FACILITY_MS_DRG_ALLOWED_AMT,"NUMBER(38,2)",50,,5,TRUE,,,FALSE,CLAIM_HEADER-CLAIM_FACILITY_MS_DRG_ALLOWED_AMT
N,CLAIM_HEADER,CLAIM_FACILITY_MS_DRG_BILLED_AMT,"NUMBER(38,2)",51,,5,TRUE,,,FALSE,CLAIM_HEADER-CLAIM_FACILITY_MS_DRG_BILLED_AMT
N,CLAIM_HEADER,CLAIM_FACILITY_MS_DRG_PAID_AMT,"NUMBER(38,2)",52,,5,TRUE,,,FALSE,CLAIM_HEADER-CLAIM_FACILITY_MS_DRG_PAID_AMT
N,CLAIM_HEADER,CLAIM_FORM_TYPE_CD,VARCHAR,53,,5,TRUE,,,TRUE,CLAIM_HEADER-CLAIM_FORM_TYPE_CD
N,CLAIM_HEADER,CLAIM_FORM_TYPE_DESC,VARCHAR,54,,5,FALSE,,,FALSE,CLAIM_HEADER-CLAIM_FORM_TYPE_DESC
N,CLAIM_HEADER,CLAIM_TYPE_CD,VARCHAR,54,,5,TRUE,,,FALSE,CLAIM_HEADER-CLAIM_TYPE_CD
N,CLAIM_HEADER,CLAIM_FROM_DT,DATE,55,,5,TRUE,,MASK_DATE,FALSE,CLAIM_HEADER-CLAIM_FROM_DT
N,CLAIM_HEADER,CLAIM_ILLNESS_UNABLE_TO_WORK_FROM_DT,DATE,55,,5,FALSE,,MASK_DATE,FALSE,CLAIM_HEADER-CLAIM_ILLNESS_UNABLE_TO_WORK_FROM_DT
N,CLAIM_HEADER,CLAIM_ILLNESS_UNABLE_TO_WORK_THRU_DT,DATE,56,,5,FALSE,,MASK_DATE,FALSE,CLAIM_HEADER-CLAIM_ILLNESS_UNABLE_TO_WORK_THRU_DT
N,CLAIM_HEADER,CLAIM_LENGTH_OF_STAY_ACTUAL_CNT,NUMBER,57,,5,FALSE,,,FALSE,CLAIM_HEADER-CLAIM_LENGTH_OF_STAY_ACTUAL_CNT
N,CLAIM_HEADER,CLAIM_LENGTH_OF_STAY_COVERED_CNT,NUMBER,58,,5,FALSE,,,FALSE,CLAIM_HEADER-CLAIM_LENGTH_OF_STAY_COVERED_CNT
N,CLAIM_HEADER,CLAIM_MAJOR_DIAG_CATEGORY_CD,VARCHAR,59,,5,FALSE,,,FALSE,CLAIM_HEADER-CLAIM_MAJOR_DIAG_CATEGORY_CD
N,CLAIM_HEADER,CLAIM_MEDICAL_RECORD_NUM,VARCHAR,60,,5,TRUE,,MASK_VARCHAR,FALSE,CLAIM_HEADER-CLAIM_MEDICAL_RECORD_NUM
N,CLAIM_HEADER,CLAIM_NON_COVERED_AMT,"NUMBER(38,2)",61,,5,FALSE,,,FALSE,CLAIM_HEADER-CLAIM_NON_COVERED_AMT
N,CLAIM_HEADER,CLAIM_NUM,VARCHAR,62,,5,TRUE,,MASK_VARCHAR,TRUE,CLAIM_HEADER-CLAIM_NUM
N,CLAIM_HEADER,CLAIM_SEQ_NUM,VARCHAR,62,,5,TRUE,,,FALSE,CLAIM_HEADER-CLAIM_SEQ_NUM
N,CLAIM_HEADER,CLAIM_NUM_EXTERNAL,VARCHAR,63,,5,FALSE,,MASK_VARCHAR,FALSE,CLAIM_HEADER-CLAIM_NUM_EXTERNAL
N,CLAIM_HEADER,CLAIM_NUM_ORIG,VARCHAR,64,,5,TRUE,,MASK_VARCHAR,FALSE,CLAIM_HEADER-CLAIM_NUM_ORIG
N,CLAIM_HEADER,CLAIM_PAID_AMT,"NUMBER(38,2)",65,,5,TRUE,,,FALSE,CLAIM_HEADER-CLAIM_PAID_AMT
N,CLAIM_HEADER,CLAIM_PREPAID_AMT,"NUMBER(38,2)",66,,5,FALSE,,,FALSE,CLAIM_HEADER-CLAIM_PREPAID_AMT
N,CLAIM_HEADER,CLAIM_PROCESS_DT,DATE,67,,5,TRUE,,,FALSE,CLAIM_HEADER-CLAIM_PROCESS_DT
N,CLAIM_HEADER,CLAIM_PROF_OUTSIDE_LAB_CHARGES_AMT,"NUMBER(38,2)",68,,5,FALSE,,,FALSE,CLAIM_HEADER-CLAIM_PROF_OUTSIDE_LAB_CHARGES_AMT
N,CLAIM_HEADER,CLAIM_RECORD_RELEASE_ON_FILE,VARCHAR,69,,5,FALSE,,,FALSE,CLAIM_HEADER-CLAIM_RECORD_RELEASE_ON_FILE
N,CLAIM_HEADER,CLAIM_RISK_POPULATION,VARCHAR,70,,5,FALSE,,,FALSE,CLAIM_HEADER-CLAIM_RISK_POPULATION
N,CLAIM_HEADER,CLAIM_SPLIT_IND,VARCHAR,72,,5,TRUE,,,FALSE,CLAIM_HEADER-CLAIM_SPLIT_IND
N,CLAIM_HEADER,CLAIM_SUBMITTER_ID,VARCHAR,73,,5,FALSE,,,FALSE,CLAIM_HEADER-CLAIM_SUBMITTER_ID
N,CLAIM_HEADER,CLAIM_SURCHARGE_AMT,"NUMBER(38,2)",74,,5,FALSE,,,FALSE,CLAIM_HEADER-CLAIM_SURCHARGE_AMT
N,CLAIM_HEADER,CLAIM_THRU_DT,DATE,75,,5,TRUE,,MASK_DATE,FALSE,CLAIM_HEADER-CLAIM_THRU_DT
N,CLAIM_HEADER,CLAIM_TRAUMA_IND,VARCHAR,76,,5,TRUE,,,FALSE,CLAIM_HEADER-CLAIM_TRAUMA_IND
N,CLAIM_HEADER,CLAIM_UNIT_VISITS_DAYS,"NUMBER(38,2)",77,,5,FALSE,,,FALSE,CLAIM_HEADER-CLAIM_UNIT_VISITS_DAYS
N,CLAIM_HEADER,CONDITION_CD_01,VARCHAR,78,,5,TRUE,,,FALSE,CLAIM_HEADER-CONDITION_CD_01
N,CLAIM_HEADER,CONDITION_CD_02,VARCHAR,79,,5,TRUE,,,FALSE,CLAIM_HEADER-CONDITION_CD_02
N,CLAIM_HEADER,CONDITION_CD_03,VARCHAR,80,,5,TRUE,,,FALSE,CLAIM_HEADER-CONDITION_CD_03
N,CLAIM_HEADER,CONDITION_CD_04,VARCHAR,81,,5,TRUE,,,FALSE,CLAIM_HEADER-CONDITION_CD_04
N,CLAIM_HEADER,CONDITION_CD_05,VARCHAR,82,,5,TRUE,,,FALSE,CLAIM_HEADER-CONDITION_CD_05
N,CLAIM_HEADER,CONDITION_CD_06,VARCHAR,83,,5,TRUE,,,FALSE,CLAIM_HEADER-CONDITION_CD_06
N,CLAIM_HEADER,CONDITION_CD_07,VARCHAR,84,,5,TRUE,,,FALSE,CLAIM_HEADER-CONDITION_CD_07
N,CLAIM_HEADER,CONDITION_CD_08,VARCHAR,85,,5,TRUE,,,FALSE,CLAIM_HEADER-CONDITION_CD_08
N,CLAIM_HEADER,CONDITION_CD_09,VARCHAR,86,,5,TRUE,,,FALSE,CLAIM_HEADER-CONDITION_CD_09
N,CLAIM_HEADER,CONDITION_CD_10,VARCHAR,87,,5,TRUE,,,FALSE,CLAIM_HEADER-CONDITION_CD_10
N,CLAIM_HEADER,DP_CREATE_TIMESTAMP,TIMESTAMP_NTZ,1,Technical column,5,TRUE,,,FALSE,CLAIM_HEADER-DP_CREATE_TIMESTAMP
N,CLAIM_HEADER,DP_UPDATE_TIMESTAMP,TIMESTAMP_NTZ,2,Technical column,5,TRUE,,,FALSE,CLAIM_HEADER-DP_UPDATE_TIMESTAMP
N,CLAIM_HEADER,DP_RUN_ID,VARCHAR,3,"Technical column, idicates unique MWAA run id",5,TRUE,,,FALSE,CLAIM_HEADER-DP_RUN_ID
N,CLAIM_HEADER,DP_ACTIVE_RECORD_FLAG,BOOLEAN,4,Indicates if given record is the latest claim header state,5,TRUE,,,FALSE,CLAIM_HEADER-DP_ACTIVE_RECORD_FLAG
N,CLAIM_HEADER,DP_LAST_LOAD_FLAG,BOOLEAN,4,Indicates if given record came in the last processing,5,TRUE,,,FALSE,CLAIM_HEADER-DP_LAST_LOAD_FLAG
N,CLAIM_HEADER,CLAIM_HEADER_SID,"NUMBER(38,0) NOT NULL",5,Surrogate key,5,TRUE,,,FALSE,CLAIM_HEADER-CLAIM_HEADER_SID
N,CLAIM_HEADER,MEMBER_SID,"NUMBER(38,0)",6,"FK to member table, use it to obtain member data. Primary source for it is claim file, secondary is member file.",5,TRUE,,,FALSE,CLAIM_HEADER-MEMBER_SID
N,CLAIM_HEADER,MEMBER_MBR_FILE_SID,"NUMBER(38,0)",7,"FK to member table, it is used only when we get data in member file",5,TRUE,,,FALSE,CLAIM_HEADER-MEMBER_MBR_FILE_SID
N,CLAIM_HEADER,PATIENT_SID,"NUMBER(38,0)",8,"FK to patient table, use it to obtain patient data",5,TRUE,,,FALSE,CLAIM_HEADER-PATIENT_SID
N,CLAIM_HEADER,PROVIDER_ATTENDING_SID,"NUMBER(38,0)",9,FK to provider table. Always populated. Claim File is the main source.,5,TRUE,,,FALSE,CLAIM_HEADER-PROVIDER_ATTENDING_SID
N,CLAIM_HEADER,PROVIDER_ATTENDING_PROV_FILE_SID,"NUMBER(38,0)",10,FK to provider table. Populated if providel file is available.,5,TRUE,,,FALSE,CLAIM_HEADER-PROVIDER_ATTENDING_PROV_FILE_SID
N,CLAIM_HEADER,PROVIDER_ADMITTING_SID,"NUMBER(38,0)",11,FK to provider table. Always populated. Claim File is the main source.,5,TRUE,,,FALSE,CLAIM_HEADER-PROVIDER_ADMITTING_SID
N,CLAIM_HEADER,PROVIDER_ADMITTING_PROV_FILE_SID,"NUMBER(38,0)",12,FK to provider table. Populated if providel file is available.,5,TRUE,,,FALSE,CLAIM_HEADER-PROVIDER_ADMITTING_PROV_FILE_SID
N,CLAIM_HEADER,PROVIDER_BILLING_SID,"NUMBER(38,0)",13,FK to provider table. Always populated. Claim File is the main source.,5,TRUE,,,FALSE,CLAIM_HEADER-PROVIDER_BILLING_SID
N,CLAIM_HEADER,PROVIDER_BILLING_PROV_FILE_SID,"NUMBER(38,0)",14,FK to provider table. Populated if providel file is available.,5,TRUE,,,FALSE,CLAIM_HEADER-PROVIDER_BILLING_PROV_FILE_SID
N,CLAIM_HEADER,PROVIDER_BILLING_GROUP_SID,"NUMBER(38,0)",15,FK to provider table. Always populated. Claim File is the main source.,5,TRUE,,,FALSE,CLAIM_HEADER-PROVIDER_BILLING_GROUP_SID
N,CLAIM_HEADER,PROVIDER_BILLING_GROUP_PROV_FILE_SID,"NUMBER(38,0)",16,FK to provider table. Populated if providel file is available.,5,TRUE,,,FALSE,CLAIM_HEADER-PROVIDER_BILLING_GROUP_PROV_FILE_SID
N,CLAIM_HEADER,PROVIDER_OPERATING_SID,"NUMBER(38,0)",17,FK to provider table. Always populated. Claim File is the main source.,5,TRUE,,,FALSE,CLAIM_HEADER-PROVIDER_OPERATING_SID
N,CLAIM_HEADER,PROVIDER_OPERATING_PROV_FILE_SID,"NUMBER(38,0)",18,FK to provider table. Populated if providel file is available.,5,TRUE,,,FALSE,CLAIM_HEADER-PROVIDER_OPERATING_PROV_FILE_SID
N,CLAIM_HEADER,PROVIDER_PCP_SID,"NUMBER(38,0)",19,FK to provider table. Always populated. Claim File is the main source.,5,TRUE,,,FALSE,CLAIM_HEADER-PROVIDER_PCP_SID
N,CLAIM_HEADER,PROVIDER_PCP_PROV_FILE_SID,"NUMBER(38,0)",20,FK to provider table. Populated if providel file is available.,5,TRUE,,,FALSE,CLAIM_HEADER-PROVIDER_PCP_PROV_FILE_SID
N,CLAIM_HEADER,PROVIDER_PCP_GROUP_SID,"NUMBER(38,0)",23,FK to provider table. Always populated. Claim File is the main source.,5,TRUE,,,FALSE,CLAIM_HEADER-PROVIDER_PCP_GROUP_SID
N,CLAIM_HEADER,PROVIDER_PCP_GROUP_PROV_FILE_SID,"NUMBER(38,0)",24,FK to provider table. Populated if providel file is available.,5,TRUE,,,FALSE,CLAIM_HEADER-PROVIDER_PCP_GROUP_PROV_FILE_SID
N,CLAIM_HEADER,PROVIDER_REFERRING_SID,"NUMBER(38,0)",21,FK to provider table. Always populated. Claim File is the main source.,5,TRUE,,,FALSE,CLAIM_HEADER-PROVIDER_REFERRING_SID
N,CLAIM_HEADER,PROVIDER_REFERRING_PROV_FILE_SID,"NUMBER(38,0)",22,FK to provider table. Populated if providel file is available.,5,TRUE,,,FALSE,CLAIM_HEADER-PROVIDER_REFERRING_PROV_FILE_SID
N,CLAIM_HEADER,PROVIDER_REFERRING_GROUP_SID,"NUMBER(38,0)",23,FK to provider table. Always populated. Claim File is the main source.,5,TRUE,,,FALSE,CLAIM_HEADER-PROVIDER_REFERRING_GROUP_SID
N,CLAIM_HEADER,PROVIDER_REFERRING_GROUP_PROV_FILE_SID,"NUMBER(38,0)",24,FK to provider table. Populated if providel file is available.,5,TRUE,,,FALSE,CLAIM_HEADER-PROVIDER_REFERRING_GROUP_PROV_FILE_SID
N,CLAIM_HEADER,ACCIDENT_STATE_CD,VARCHAR,25,,5,FALSE,,,FALSE,CLAIM_HEADER-ACCIDENT_STATE_CD
N,CLAIM_HEADER,CLAIM_ACCIDENT_DT,DATE,26,,5,FALSE,,MASK_DATE,FALSE,CLAIM_HEADER-CLAIM_ACCIDENT_DT
N,CLAIM_HEADER,CLAIM_ADMIT_DIAG_CD,VARCHAR,27,,5,TRUE,,,FALSE,CLAIM_HEADER-CLAIM_ADMIT_DIAG_CD
N,CLAIM_HEADER,CLAIM_ADMIT_DIAG_IND,VARCHAR,28,,5,FALSE,,,FALSE,CLAIM_HEADER-CLAIM_ADMIT_DIAG_IND
N,CLAIM_HEADER,CLAIM_ADMIT_DT,DATE,29,,5,TRUE,,MASK_DATE,TRUE,CLAIM_HEADER-CLAIM_ADMIT_DT
N,CLAIM_HEADER,CLAIM_ADMIT_SOURCE,VARCHAR,30,,5,TRUE,,,FALSE,CLAIM_HEADER-CLAIM_ADMIT_SOURCE
N,CLAIM_HEADER,CLAIM_ADMIT_TIME,TIME,31,,5,FALSE,,,FALSE,CLAIM_HEADER-CLAIM_ADMIT_TIME
N,CLAIM_HEADER,CLAIM_ADMIT_TYPE,VARCHAR,32,,5,TRUE,,,FALSE,CLAIM_HEADER-CLAIM_ADMIT_TYPE
N,CLAIM_HEADER,CLAIM_ALTERNATIVE_LEVEL_OF_CARE_AP_DRG_APR_DRG_AMT,"NUMBER(38,2)",33,,5,TRUE,,,FALSE,CLAIM_HEADER-CLAIM_ALTERNATIVE_LEVEL_OF_CARE_AP_DRG_APR_DRG_AMT
N,CLAIM_HEADER,CLAIM_BILLED_AMT,"NUMBER(38,2)",34,,5,TRUE,,,FALSE,CLAIM_HEADER-CLAIM_BILLED_AMT
N,CLAIM_HEADER,CLAIM_BILLED_NET_AMT,"NUMBER(38,2)",35,,5,FALSE,,,FALSE,CLAIM_HEADER-CLAIM_BILLED_NET_AMT
N,CLAIM_HEADER,CLAIM_COB_AMT,"NUMBER(38,2)",36,,5,FALSE,,,FALSE,CLAIM_HEADER-CLAIM_COB_AMT
N,CLAIM_HEADER,CLAIM_COPAY_AMT,"NUMBER(38,2)",37,,5,TRUE,,,FALSE,CLAIM_HEADER-CLAIM_COPAY_AMT
N,CLAIM_HEADER,CLAIM_CREATE_DT,DATE,38,,5,TRUE,,,FALSE,CLAIM_HEADER-CLAIM_CREATE_DT
N,CLAIM_HEADER,CLAIM_DEDUCTIBLE_AMT,"NUMBER(38,2)",39,,5,TRUE,,,FALSE,CLAIM_HEADER-CLAIM_DEDUCTIBLE_AMT
N,CLAIM_HEADER,CLAIM_DISCHARGE_DT,DATE,40,,5,TRUE,,MASK_DATE,FALSE,CLAIM_HEADER-CLAIM_DISCHARGE_DT
N,CLAIM_HEADER,CLAIM_DISCHARGE_STATUS_CD,VARCHAR,41,,5,TRUE,,,FALSE,CLAIM_HEADER-CLAIM_DISCHARGE_STATUS_CD
N,CLAIM_HEADER,CLAIM_DISCHARGE_TIME,TIME,42,,5,TRUE,,,FALSE,CLAIM_HEADER-CLAIM_DISCHARGE_TIME
N,CLAIM_HEADER,CLAIM_DISCOUNT_AMT,"NUMBER(38,2)",43,,5,FALSE,,,FALSE,CLAIM_HEADER-CLAIM_DISCOUNT_AMT
N,CLAIM_HEADER,CONDITION_CD_11,VARCHAR,88,,5,TRUE,,,FALSE,CLAIM_HEADER-CONDITION_CD_11
N,CLAIM_HEADER,CONDITION_CD_12,VARCHAR,89,,5,TRUE,,,FALSE,CLAIM_HEADER-CONDITION_CD_12
N,CLAIM_HEADER,CONDITION_CD_13,VARCHAR,90,,5,TRUE,,,FALSE,CLAIM_HEADER-CONDITION_CD_13
N,CLAIM_HEADER,CONDITION_CD_14,VARCHAR,91,,5,TRUE,,,FALSE,CLAIM_HEADER-CONDITION_CD_14
N,CLAIM_HEADER,CONDITION_CD_15,VARCHAR,92,,5,TRUE,,,FALSE,CLAIM_HEADER-CONDITION_CD_15
N,CLAIM_HEADER,CONDITION_CD_16,VARCHAR,93,,5,TRUE,,,FALSE,CLAIM_HEADER-CONDITION_CD_16
N,CLAIM_HEADER,CONDITION_CD_17,VARCHAR,94,,5,TRUE,,,FALSE,CLAIM_HEADER-CONDITION_CD_17
N,CLAIM_HEADER,CONDITION_CD_18,VARCHAR,95,,5,TRUE,,,FALSE,CLAIM_HEADER-CONDITION_CD_18
N,CLAIM_HEADER,CONDITION_CD_19,VARCHAR,96,,5,TRUE,,,FALSE,CLAIM_HEADER-CONDITION_CD_19
N,CLAIM_HEADER,CONDITION_CD_20,VARCHAR,97,,5,TRUE,,,FALSE,CLAIM_HEADER-CONDITION_CD_20
N,CLAIM_HEADER,CONDITION_CD_21,VARCHAR,98,,5,TRUE,,,FALSE,CLAIM_HEADER-CONDITION_CD_21
N,CLAIM_HEADER,CONDITION_CD_22,VARCHAR,99,,5,TRUE,,,FALSE,CLAIM_HEADER-CONDITION_CD_22
N,CLAIM_HEADER,CONDITION_CD_23,VARCHAR,100,,5,TRUE,,,FALSE,CLAIM_HEADER-CONDITION_CD_23
N,CLAIM_HEADER,CONDITION_CD_24,VARCHAR,101,,5,TRUE,,,FALSE,CLAIM_HEADER-CONDITION_CD_24
N,CLAIM_HEADER,DIAG_CD_01,VARCHAR,102,,5,TRUE,,,FALSE,CLAIM_HEADER-DIAG_CD_01
N,CLAIM_HEADER,DIAG_CD_01_POA,VARCHAR,103,,5,TRUE,,,FALSE,CLAIM_HEADER-DIAG_CD_01_POA
N,CLAIM_HEADER,DIAG_CD_02,VARCHAR,104,,5,TRUE,,,FALSE,CLAIM_HEADER-DIAG_CD_02
N,CLAIM_HEADER,DIAG_CD_02_POA,VARCHAR,105,,5,TRUE,,,FALSE,CLAIM_HEADER-DIAG_CD_02_POA
N,CLAIM_HEADER,DIAG_CD_03,VARCHAR,106,,5,TRUE,,,FALSE,CLAIM_HEADER-DIAG_CD_03
N,CLAIM_HEADER,DIAG_CD_03_POA,VARCHAR,107,,5,TRUE,,,FALSE,CLAIM_HEADER-DIAG_CD_03_POA
N,CLAIM_HEADER,DIAG_CD_04,VARCHAR,108,,5,TRUE,,,FALSE,CLAIM_HEADER-DIAG_CD_04
N,CLAIM_HEADER,DIAG_CD_04_POA,VARCHAR,109,,5,TRUE,,,FALSE,CLAIM_HEADER-DIAG_CD_04_POA
N,CLAIM_HEADER,DIAG_CD_05,VARCHAR,110,,5,TRUE,,,FALSE,CLAIM_HEADER-DIAG_CD_05
N,CLAIM_HEADER,DIAG_CD_05_POA,VARCHAR,111,,5,TRUE,,,FALSE,CLAIM_HEADER-DIAG_CD_05_POA
N,CLAIM_HEADER,DIAG_CD_06,VARCHAR,112,,5,TRUE,,,FALSE,CLAIM_HEADER-DIAG_CD_06
N,CLAIM_HEADER,DIAG_CD_06_POA,VARCHAR,113,,5,TRUE,,,FALSE,CLAIM_HEADER-DIAG_CD_06_POA
N,CLAIM_HEADER,DIAG_CD_07,VARCHAR,114,,5,TRUE,,,FALSE,CLAIM_HEADER-DIAG_CD_07
N,CLAIM_HEADER,DIAG_CD_07_POA,VARCHAR,115,,5,TRUE,,,FALSE,CLAIM_HEADER-DIAG_CD_07_POA
N,CLAIM_HEADER,DIAG_CD_08,VARCHAR,116,,5,TRUE,,,FALSE,CLAIM_HEADER-DIAG_CD_08
N,CLAIM_HEADER,DIAG_CD_08_POA,VARCHAR,117,,5,TRUE,,,FALSE,CLAIM_HEADER-DIAG_CD_08_POA
N,CLAIM_HEADER,DIAG_CD_09,VARCHAR,118,,5,TRUE,,,FALSE,CLAIM_HEADER-DIAG_CD_09
N,CLAIM_HEADER,DIAG_CD_09_POA,VARCHAR,119,,5,TRUE,,,FALSE,CLAIM_HEADER-DIAG_CD_09_POA
N,CLAIM_HEADER,DIAG_CD_10,VARCHAR,120,,5,TRUE,,,FALSE,CLAIM_HEADER-DIAG_CD_10
N,CLAIM_HEADER,DIAG_CD_10_POA,VARCHAR,121,,5,TRUE,,,FALSE,CLAIM_HEADER-DIAG_CD_10_POA
N,CLAIM_HEADER,DIAG_CD_11,VARCHAR,122,,5,TRUE,,,FALSE,CLAIM_HEADER-DIAG_CD_11
N,CLAIM_HEADER,DIAG_CD_11_POA,VARCHAR,123,,5,TRUE,,,FALSE,CLAIM_HEADER-DIAG_CD_11_POA
N,CLAIM_HEADER,DIAG_CD_12,VARCHAR,124,,5,TRUE,,,FALSE,CLAIM_HEADER-DIAG_CD_12
N,CLAIM_HEADER,DIAG_CD_12_POA,VARCHAR,125,,5,TRUE,,,FALSE,CLAIM_HEADER-DIAG_CD_12_POA
N,CLAIM_HEADER,DIAG_CD_13,VARCHAR,126,,5,TRUE,,,FALSE,CLAIM_HEADER-DIAG_CD_13
N,CLAIM_HEADER,DIAG_CD_13_POA,VARCHAR,127,,5,TRUE,,,FALSE,CLAIM_HEADER-DIAG_CD_13_POA
N,CLAIM_HEADER,DIAG_CD_14,VARCHAR,128,,5,TRUE,,,FALSE,CLAIM_HEADER-DIAG_CD_14
N,CLAIM_HEADER,DIAG_CD_14_POA,VARCHAR,129,,5,TRUE,,,FALSE,CLAIM_HEADER-DIAG_CD_14_POA
N,CLAIM_HEADER,DIAG_CD_15,VARCHAR,130,,5,TRUE,,,FALSE,CLAIM_HEADER-DIAG_CD_15
N,CLAIM_HEADER,DIAG_CD_15_POA,VARCHAR,131,,5,TRUE,,,FALSE,CLAIM_HEADER-DIAG_CD_15_POA
N,CLAIM_HEADER,OCCUR_DT_5,DATE,219,,5,TRUE,,MASK_DATE,FALSE,CLAIM_HEADER-OCCUR_DT_5
N,CLAIM_HEADER,OCCUR_DT_6,DATE,220,,5,FALSE,,MASK_DATE,FALSE,CLAIM_HEADER-OCCUR_DT_6
N,CLAIM_HEADER,OCCUR_DT_7,DATE,221,,5,FALSE,,MASK_DATE,FALSE,CLAIM_HEADER-OCCUR_DT_7
N,CLAIM_HEADER,OCCUR_DT_8,DATE,222,,5,FALSE,,MASK_DATE,FALSE,CLAIM_HEADER-OCCUR_DT_8
N,CLAIM_HEADER,OCCUR_SPAN_CD_1,VARCHAR,223,,5,TRUE,,,FALSE,CLAIM_HEADER-OCCUR_SPAN_CD_1
N,CLAIM_HEADER,OCCUR_SPAN_CD_2,VARCHAR,224,,5,TRUE,,,FALSE,CLAIM_HEADER-OCCUR_SPAN_CD_2
N,CLAIM_HEADER,OCCUR_SPAN_CD_3,VARCHAR,225,,5,TRUE,,,FALSE,CLAIM_HEADER-OCCUR_SPAN_CD_3
N,CLAIM_HEADER,OCCUR_SPAN_CD_4,VARCHAR,226,,5,TRUE,,,FALSE,CLAIM_HEADER-OCCUR_SPAN_CD_4
N,CLAIM_HEADER,OCCUR_SPAN_DT_FROM_1,DATE,227,,5,TRUE,,MASK_DATE,FALSE,CLAIM_HEADER-OCCUR_SPAN_DT_FROM_1
N,CLAIM_HEADER,OCCUR_SPAN_DT_FROM_2,DATE,228,,5,TRUE,,MASK_DATE,FALSE,CLAIM_HEADER-OCCUR_SPAN_DT_FROM_2
N,CLAIM_HEADER,OCCUR_SPAN_DT_FROM_3,DATE,229,,5,TRUE,,MASK_DATE,FALSE,CLAIM_HEADER-OCCUR_SPAN_DT_FROM_3
N,CLAIM_HEADER,OCCUR_SPAN_DT_FROM_4,DATE,230,,5,TRUE,,MASK_DATE,FALSE,CLAIM_HEADER-OCCUR_SPAN_DT_FROM_4
N,CLAIM_HEADER,OCCUR_SPAN_DT_THRU_1,DATE,231,,5,TRUE,,MASK_DATE,FALSE,CLAIM_HEADER-OCCUR_SPAN_DT_THRU_1
N,CLAIM_HEADER,OCCUR_SPAN_DT_THRU_2,DATE,232,,5,TRUE,,MASK_DATE,FALSE,CLAIM_HEADER-OCCUR_SPAN_DT_THRU_2
N,CLAIM_HEADER,OCCUR_SPAN_DT_THRU_3,DATE,233,,5,TRUE,,MASK_DATE,FALSE,CLAIM_HEADER-OCCUR_SPAN_DT_THRU_3
N,CLAIM_HEADER,OCCUR_SPAN_DT_THRU_4,DATE,234,,5,TRUE,,MASK_DATE,FALSE,CLAIM_HEADER-OCCUR_SPAN_DT_THRU_4
N,CLAIM_HEADER,PAT_PREGNANCY_DT,DATE,235,,5,FALSE,,MASK_DATE,FALSE,CLAIM_HEADER-PAT_PREGNANCY_DT
N,CLAIM_HEADER,PAYMENT_METHOD,VARCHAR,236,,5,FALSE,,,FALSE,CLAIM_HEADER-PAYMENT_METHOD
N,CLAIM_HEADER,PAYTO_CD,VARCHAR,237,,5,FALSE,,,FALSE,CLAIM_HEADER-PAYTO_CD
N,CLAIM_HEADER,PROC_01_DT,DATE,238,,5,TRUE,,MASK_DATE,FALSE,CLAIM_HEADER-PROC_01_DT
N,CLAIM_HEADER,PROC_02_DT,DATE,239,,5,TRUE,,MASK_DATE,FALSE,CLAIM_HEADER-PROC_02_DT
N,CLAIM_HEADER,PROC_03_DT,DATE,240,,5,TRUE,,MASK_DATE,FALSE,CLAIM_HEADER-PROC_03_DT
N,CLAIM_HEADER,PROC_04_DT,DATE,241,,5,TRUE,,MASK_DATE,FALSE,CLAIM_HEADER-PROC_04_DT
N,CLAIM_HEADER,PROC_05_DT,DATE,242,,5,TRUE,,MASK_DATE,FALSE,CLAIM_HEADER-PROC_05_DT
N,CLAIM_HEADER,PROC_06_DT,DATE,243,,5,TRUE,,MASK_DATE,FALSE,CLAIM_HEADER-PROC_06_DT
N,CLAIM_HEADER,PROC_07_DT,DATE,244,,5,TRUE,,MASK_DATE,FALSE,CLAIM_HEADER-PROC_07_DT
N,CLAIM_HEADER,PROC_08_DT,DATE,245,,5,TRUE,,MASK_DATE,FALSE,CLAIM_HEADER-PROC_08_DT
N,CLAIM_HEADER,PROC_09_DT,DATE,246,,5,TRUE,,MASK_DATE,FALSE,CLAIM_HEADER-PROC_09_DT
N,CLAIM_HEADER,PROC_10_DT,DATE,247,,5,TRUE,,MASK_DATE,FALSE,CLAIM_HEADER-PROC_10_DT
N,CLAIM_HEADER,PROC_11_DT,DATE,248,,5,TRUE,,MASK_DATE,FALSE,CLAIM_HEADER-PROC_11_DT
N,CLAIM_HEADER,PROC_12_DT,DATE,249,,5,TRUE,,MASK_DATE,FALSE,CLAIM_HEADER-PROC_12_DT
N,CLAIM_HEADER,PROC_13_DT,DATE,250,,5,TRUE,,MASK_DATE,FALSE,CLAIM_HEADER-PROC_13_DT
N,CLAIM_HEADER,PROC_14_DT,DATE,251,,5,TRUE,,MASK_DATE,FALSE,CLAIM_HEADER-PROC_14_DT
N,CLAIM_HEADER,PROC_15_DT,DATE,252,,5,TRUE,,MASK_DATE,FALSE,CLAIM_HEADER-PROC_15_DT
N,CLAIM_HEADER,PROC_16_DT,DATE,253,,5,TRUE,,MASK_DATE,FALSE,CLAIM_HEADER-PROC_16_DT
N,CLAIM_HEADER,PROC_17_DT,DATE,254,,5,TRUE,,MASK_DATE,FALSE,CLAIM_HEADER-PROC_17_DT
N,CLAIM_HEADER,PROC_18_DT,DATE,255,,5,TRUE,,MASK_DATE,FALSE,CLAIM_HEADER-PROC_18_DT
N,CLAIM_HEADER,PROC_19_DT,DATE,256,,5,TRUE,,MASK_DATE,FALSE,CLAIM_HEADER-PROC_19_DT
N,CLAIM_HEADER,PROC_20_DT,DATE,257,,5,TRUE,,MASK_DATE,FALSE,CLAIM_HEADER-PROC_20_DT
N,CLAIM_HEADER,PROC_21_DT,DATE,258,,5,TRUE,,MASK_DATE,FALSE,CLAIM_HEADER-PROC_21_DT
N,CLAIM_HEADER,PROC_22_DT,DATE,259,,5,TRUE,,MASK_DATE,FALSE,CLAIM_HEADER-PROC_22_DT
N,CLAIM_HEADER,PROC_23_DT,DATE,260,,5,TRUE,,MASK_DATE,FALSE,CLAIM_HEADER-PROC_23_DT
N,CLAIM_HEADER,PROC_24_DT,DATE,261,,5,TRUE,,MASK_DATE,FALSE,CLAIM_HEADER-PROC_24_DT
N,CLAIM_HEADER,PROC_25_DT,DATE,262,,5,TRUE,,MASK_DATE,FALSE,CLAIM_HEADER-PROC_25_DT
N,CLAIM_HEADER,VALUE_AMT_08,"NUMBER(38,2)",306,,5,FALSE,,,FALSE,CLAIM_HEADER-VALUE_AMT_08
N,CLAIM_HEADER,VALUE_AMT_09,"NUMBER(38,2)",307,,5,FALSE,,,FALSE,CLAIM_HEADER-VALUE_AMT_09
N,CLAIM_HEADER,VALUE_AMT_10,"NUMBER(38,2)",308,,5,FALSE,,,FALSE,CLAIM_HEADER-VALUE_AMT_10
N,CLAIM_HEADER,VALUE_AMT_11,"NUMBER(38,2)",309,,5,FALSE,,,FALSE,CLAIM_HEADER-VALUE_AMT_11
N,CLAIM_HEADER,VALUE_AMT_12,"NUMBER(38,2)",310,,5,FALSE,,,FALSE,CLAIM_HEADER-VALUE_AMT_12
N,CLAIM_HEADER,VALUE_AMT_13,"NUMBER(38,2)",311,,5,FALSE,,,FALSE,CLAIM_HEADER-VALUE_AMT_13
N,CLAIM_HEADER,VALUE_AMT_14,"NUMBER(38,2)",312,,5,FALSE,,,FALSE,CLAIM_HEADER-VALUE_AMT_14
N,CLAIM_HEADER,VALUE_AMT_15,"NUMBER(38,2)",313,,5,FALSE,,,FALSE,CLAIM_HEADER-VALUE_AMT_15
N,CLAIM_HEADER,VALUE_AMT_16,"NUMBER(38,2)",314,,5,FALSE,,,FALSE,CLAIM_HEADER-VALUE_AMT_16
N,CLAIM_HEADER,VALUE_AMT_17,"NUMBER(38,2)",315,,5,FALSE,,,FALSE,CLAIM_HEADER-VALUE_AMT_17
N,CLAIM_HEADER,VALUE_AMT_18,"NUMBER(38,2)",316,,5,FALSE,,,FALSE,CLAIM_HEADER-VALUE_AMT_18
N,CLAIM_HEADER,VALUE_AMT_19,"NUMBER(38,2)",317,,5,FALSE,,,FALSE,CLAIM_HEADER-VALUE_AMT_19
N,CLAIM_HEADER,VALUE_AMT_20,"NUMBER(38,2)",318,,5,FALSE,,,FALSE,CLAIM_HEADER-VALUE_AMT_20
N,CLAIM_HEADER,VALUE_AMT_21,"NUMBER(38,2)",319,,5,FALSE,,,FALSE,CLAIM_HEADER-VALUE_AMT_21
N,CLAIM_HEADER,VALUE_AMT_22,"NUMBER(38,2)",320,,5,FALSE,,,FALSE,CLAIM_HEADER-VALUE_AMT_22
N,CLAIM_HEADER,VALUE_AMT_23,"NUMBER(38,2)",321,,5,FALSE,,,FALSE,CLAIM_HEADER-VALUE_AMT_23
N,CLAIM_HEADER,VALUE_AMT_24,"NUMBER(38,2)",322,,5,FALSE,,,FALSE,CLAIM_HEADER-VALUE_AMT_24
N,CLAIM_HEADER,VALUE_CD_01,VARCHAR,323,,5,TRUE,,,FALSE,CLAIM_HEADER-VALUE_CD_01
N,CLAIM_HEADER,VALUE_CD_02,VARCHAR,324,,5,TRUE,,,FALSE,CLAIM_HEADER-VALUE_CD_02
N,CLAIM_HEADER,VALUE_CD_03,VARCHAR,325,,5,TRUE,,,FALSE,CLAIM_HEADER-VALUE_CD_03
N,CLAIM_HEADER,VALUE_CD_04,VARCHAR,326,,5,TRUE,,,FALSE,CLAIM_HEADER-VALUE_CD_04
N,CLAIM_HEADER,VALUE_CD_05,VARCHAR,327,,5,TRUE,,,FALSE,CLAIM_HEADER-VALUE_CD_05
N,CLAIM_HEADER,VALUE_CD_06,VARCHAR,328,,5,FALSE,,,FALSE,CLAIM_HEADER-VALUE_CD_06
N,CLAIM_HEADER,VALUE_CD_07,VARCHAR,329,,5,FALSE,,,FALSE,CLAIM_HEADER-VALUE_CD_07
N,CLAIM_HEADER,VALUE_CD_08,VARCHAR,330,,5,FALSE,,,FALSE,CLAIM_HEADER-VALUE_CD_08
N,CLAIM_HEADER,VALUE_CD_09,VARCHAR,331,,5,FALSE,,,FALSE,CLAIM_HEADER-VALUE_CD_09
N,CLAIM_HEADER,VALUE_CD_10,VARCHAR,332,,5,FALSE,,,FALSE,CLAIM_HEADER-VALUE_CD_10
N,CLAIM_HEADER,VALUE_CD_11,VARCHAR,333,,5,FALSE,,,FALSE,CLAIM_HEADER-VALUE_CD_11
N,CLAIM_HEADER,VALUE_CD_12,VARCHAR,334,,5,FALSE,,,FALSE,CLAIM_HEADER-VALUE_CD_12
N,CLAIM_HEADER,VALUE_CD_13,VARCHAR,335,,5,FALSE,,,FALSE,CLAIM_HEADER-VALUE_CD_13
N,CLAIM_HEADER,VALUE_CD_14,VARCHAR,336,,5,FALSE,,,FALSE,CLAIM_HEADER-VALUE_CD_14
N,CLAIM_HEADER,VALUE_CD_15,VARCHAR,337,,5,FALSE,,,FALSE,CLAIM_HEADER-VALUE_CD_15
N,CLAIM_HEADER,VALUE_CD_16,VARCHAR,338,,5,FALSE,,,FALSE,CLAIM_HEADER-VALUE_CD_16
N,CLAIM_HEADER,VALUE_CD_17,VARCHAR,339,,5,FALSE,,,FALSE,CLAIM_HEADER-VALUE_CD_17
N,CLAIM_HEADER,VALUE_CD_18,VARCHAR,340,,5,FALSE,,,FALSE,CLAIM_HEADER-VALUE_CD_18
N,CLAIM_HEADER,VALUE_CD_19,VARCHAR,341,,5,FALSE,,,FALSE,CLAIM_HEADER-VALUE_CD_19
N,CLAIM_HEADER,VALUE_CD_20,VARCHAR,342,,5,FALSE,,,FALSE,CLAIM_HEADER-VALUE_CD_20
N,CLAIM_HEADER,VALUE_CD_21,VARCHAR,343,,5,FALSE,,,FALSE,CLAIM_HEADER-VALUE_CD_21
N,CLAIM_HEADER,VALUE_CD_22,VARCHAR,344,,5,FALSE,,,FALSE,CLAIM_HEADER-VALUE_CD_22
N,CLAIM_HEADER,VALUE_CD_23,VARCHAR,345,,5,FALSE,,,FALSE,CLAIM_HEADER-VALUE_CD_23
N,CLAIM_HEADER,VALUE_CD_24,VARCHAR,346,,5,FALSE,,,FALSE,CLAIM_HEADER-VALUE_CD_24
N,CLAIM_HEADER,VISIT_REASON_A,VARCHAR,347,,5,TRUE,,,FALSE,CLAIM_HEADER-VISIT_REASON_A
N,CLAIM_HEADER,VISIT_REASON_B,VARCHAR,348,,5,TRUE,,,FALSE,CLAIM_HEADER-VISIT_REASON_B
N,CLAIM_HEADER,VISIT_REASON_C,VARCHAR,349,,5,TRUE,,,FALSE,CLAIM_HEADER-VISIT_REASON_C
N,CLAIM_HEADER,EXTERNAL_CAUSE_INJURY_CD_12,VARCHAR,175,,5,FALSE,,,FALSE,CLAIM_HEADER-EXTERNAL_CAUSE_INJURY_CD_12
N,CLAIM_HEADER,EXTERNAL_CAUSE_INJURY_CD_12_POA,VARCHAR,176,,5,FALSE,,,FALSE,CLAIM_HEADER-EXTERNAL_CAUSE_INJURY_CD_12_POA
N,CLAIM_HEADER,FACILITY_ACCOMODATION_RATE,VARCHAR,177,,5,TRUE,,,FALSE,CLAIM_HEADER-FACILITY_ACCOMODATION_RATE
N,CLAIM_HEADER,FACILITY_ALC_DAYS,NUMBER,178,,5,TRUE,,,FALSE,CLAIM_HEADER-FACILITY_ALC_DAYS
N,CLAIM_HEADER,FACILITY_APR_DRG_BILLED_DESC,VARCHAR,180,,5,FALSE,,,FALSE,CLAIM_HEADER-FACILITY_APR_DRG_BILLED_DESC
N,CLAIM_HEADER,FACILITY_APR_DRG_CD_BILLED,VARCHAR,181,,5,TRUE,,,FALSE,CLAIM_HEADER-FACILITY_APR_DRG_CD_BILLED
N,CLAIM_HEADER,FACILITY_APR_DRG_CD_PAID,VARCHAR,182,,5,TRUE,,,FALSE,CLAIM_HEADER-FACILITY_APR_DRG_CD_PAID
N,CLAIM_HEADER,FACILITY_APR_DRG_PAID_DESC,VARCHAR,183,,5,FALSE,,,FALSE,CLAIM_HEADER-FACILITY_APR_DRG_PAID_DESC
N,CLAIM_HEADER,FACILITY_APR_DRG_RISK_OF_MORTALITY_SUBCLASS,VARCHAR,184,,5,TRUE,,,FALSE,CLAIM_HEADER-FACILITY_APR_DRG_RISK_OF_MORTALITY_SUBCLASS
N,CLAIM_HEADER,FACILITY_APR_DRG_SEVERITY_BILLED,VARCHAR,185,,5,TRUE,,,FALSE,CLAIM_HEADER-FACILITY_APR_DRG_SEVERITY_BILLED
N,CLAIM_HEADER,FACILITY_APR_DRG_SEVERITY_PAID,VARCHAR,186,,5,TRUE,,,FALSE,CLAIM_HEADER-FACILITY_APR_DRG_SEVERITY_PAID
N,CLAIM_HEADER,FACILITY_BILL_TYPE_CD,VARCHAR,187,,5,TRUE,,,TRUE,CLAIM_HEADER-FACILITY_BILL_TYPE_CD
N,CLAIM_HEADER,FACILITY_BILL_TYPE_OCCURANCE,VARCHAR,188,,5,FALSE,,,FALSE,CLAIM_HEADER-FACILITY_BILL_TYPE_OCCURANCE
N,CLAIM_HEADER,FACILITY_COINSURANCE_DAYS,NUMBER,189,,5,FALSE,,,FALSE,CLAIM_HEADER-FACILITY_COINSURANCE_DAYS
N,CLAIM_HEADER,FACILITY_DRG_VERSION_PAID,VARCHAR,190,,5,TRUE,,,FALSE,CLAIM_HEADER-FACILITY_DRG_VERSION_PAID
N,CLAIM_HEADER,FACILITY_HIPPS_CD,VARCHAR,191,,5,TRUE,,,FALSE,CLAIM_HEADER-FACILITY_HIPPS_CD
N,CLAIM_HEADER,FACILITY_INLIER_AMT,"NUMBER(38,2)",192,,5,FALSE,,,FALSE,CLAIM_HEADER-FACILITY_INLIER_AMT
N,CLAIM_HEADER,FACILITY_MS_DRG_BILLED_DESC,VARCHAR,193,,5,FALSE,,,FALSE,CLAIM_HEADER-FACILITY_MS_DRG_BILLED_DESC
N,CLAIM_HEADER,FACILITY_MS_DRG_CD_BILLED,VARCHAR,194,,5,TRUE,,,FALSE,CLAIM_HEADER-FACILITY_MS_DRG_CD_BILLED
N,CLAIM_HEADER,FACILITY_MS_DRG_CD_PAID,VARCHAR,195,,5,TRUE,,,FALSE,CLAIM_HEADER-FACILITY_MS_DRG_CD_PAID
N,CLAIM_HEADER,FACILITY_MS_DRG_PAID_DESC,VARCHAR,196,,5,FALSE,,,FALSE,CLAIM_HEADER-FACILITY_MS_DRG_PAID_DESC
N,CLAIM_HEADER,FACILITY_OUTLIER_AMT,"NUMBER(38,2)",197,,5,TRUE,,,FALSE,CLAIM_HEADER-FACILITY_OUTLIER_AMT
N,CLAIM_HEADER,FACILITY_REMARKS_1,VARCHAR,198,,5,FALSE,,,FALSE,CLAIM_HEADER-FACILITY_REMARKS_1
N,CLAIM_HEADER,FACILITY_REMARKS_2,VARCHAR,199,,5,FALSE,,,FALSE,CLAIM_HEADER-FACILITY_REMARKS_2
N,CLAIM_HEADER,FACILITY_REMARKS_3,VARCHAR,200,,5,FALSE,,,FALSE,CLAIM_HEADER-FACILITY_REMARKS_3
N,CLAIM_HEADER,FACILITY_REMARKS_4,VARCHAR,201,,5,FALSE,,,FALSE,CLAIM_HEADER-FACILITY_REMARKS_4
N,CLAIM_HEADER,FACILITY_RESERVE_DAYS,NUMBER,202,,5,FALSE,,,FALSE,CLAIM_HEADER-FACILITY_RESERVE_DAYS
N,CLAIM_HEADER,ILLNESS_DATE,DATE,203,,5,TRUE,,MASK_DATE,FALSE,CLAIM_HEADER-ILLNESS_DATE
N,CLAIM_HEADER,ILLNESS_OTHER_DATE,DATE,204,,5,FALSE,,MASK_DATE,FALSE,CLAIM_HEADER-ILLNESS_OTHER_DATE
N,CLAIM_HEADER,ILLNESS_OTHER_QUALIFIER,VARCHAR,205,,5,FALSE,,,FALSE,CLAIM_HEADER-ILLNESS_OTHER_QUALIFIER
N,CLAIM_HEADER,ILLNESS_QUALIFIER,VARCHAR,206,,5,FALSE,,,FALSE,CLAIM_HEADER-ILLNESS_QUALIFIER
N,CLAIM_HEADER,OCCUR_CD_1,VARCHAR,207,,5,TRUE,,,FALSE,CLAIM_HEADER-OCCUR_CD_1
N,CLAIM_HEADER,OCCUR_CD_2,VARCHAR,208,,5,TRUE,,,FALSE,CLAIM_HEADER-OCCUR_CD_2
N,CLAIM_HEADER,OCCUR_CD_3,VARCHAR,209,,5,TRUE,,,FALSE,CLAIM_HEADER-OCCUR_CD_3
N,CLAIM_HEADER,OCCUR_CD_4,VARCHAR,210,,5,TRUE,,,FALSE,CLAIM_HEADER-OCCUR_CD_4
N,CLAIM_HEADER,OCCUR_CD_5,VARCHAR,211,,5,TRUE,,,FALSE,CLAIM_HEADER-OCCUR_CD_5
N,CLAIM_HEADER,OCCUR_CD_6,VARCHAR,212,,5,FALSE,,,FALSE,CLAIM_HEADER-OCCUR_CD_6
N,CLAIM_HEADER,OCCUR_CD_7,VARCHAR,213,,5,FALSE,,,FALSE,CLAIM_HEADER-OCCUR_CD_7
N,CLAIM_HEADER,OCCUR_CD_8,VARCHAR,214,,5,FALSE,,,FALSE,CLAIM_HEADER-OCCUR_CD_8
N,CLAIM_HEADER,OCCUR_DT_1,DATE,215,,5,TRUE,,MASK_DATE,FALSE,CLAIM_HEADER-OCCUR_DT_1
N,CLAIM_HEADER,OCCUR_DT_2,DATE,216,,5,TRUE,,MASK_DATE,FALSE,CLAIM_HEADER-OCCUR_DT_2
N,CLAIM_HEADER,OCCUR_DT_3,DATE,217,,5,TRUE,,MASK_DATE,FALSE,CLAIM_HEADER-OCCUR_DT_3
N,CLAIM_HEADER,OCCUR_DT_4,DATE,218,,5,TRUE,,MASK_DATE,FALSE,CLAIM_HEADER-OCCUR_DT_4
N,CLAIM_HEADER,CLAIM_INTEREST_AMT,"NUMBER(38,2)",219,,5,FALSE,,,FALSE,CLAIM_HEADER-CLAIM_INTEREST_AMT
N,CLAIM_HEADER,FACILITY_BILL_TYPE_DESC,VARCHAR,220,,5,FALSE,,,FALSE,CLAIM_HEADER-FACILITY_BILL_TYPE_DESC
N,CLAIM_HEADER,CLAIM_ALLOWED_AMT,"NUMBER(38,2)",221,,5,FALSE,,,FALSE,CLAIM_HEADER-CLAIM_ALLOWED_AMT
N,CLAIM_HEADER,CLAIM_NUM_FORMER,VARCHAR,222,,5,FALSE,,MASK_VARCHAR,FALSE,CLAIM_HEADER-CLAIM_NUM_FORMER
N,CLAIM_HEADER,CLAIM_TYPE_DESC,VARCHAR,223,,5,FALSE,,,FALSE,CLAIM_HEADER-CLAIM_TYPE_DESC
N,CLAIM_HEADER,FACILITY_APR_DRG_VERSION_BILLED,VARCHAR,224,,5,FALSE,,,FALSE,CLAIM_HEADER-FACILITY_APR_DRG_VERSION_BILLED
N,CLAIM_HEADER,FACILITY_MS_DRG_VERSION_BILLED,VARCHAR,225,,5,FALSE,,,FALSE,CLAIM_HEADER-FACILITY_MS_DRG_VERSION_BILLED
N,CLAIM_LINE,LINE_ADJUSTMENT_IND,VARCHAR,45,,6,FALSE,,,FALSE,CLAIM_LINE-LINE_ADJUSTMENT_IND
N,CLAIM_LINE,LINE_ADJUSTMENT_REASON,VARCHAR,46,,6,TRUE,,,FALSE,CLAIM_LINE-LINE_ADJUSTMENT_REASON
N,CLAIM_LINE,LINE_ALLOWED_AMT,"NUMBER(38,2)",47,,6,TRUE,,,TRUE,CLAIM_LINE-LINE_ALLOWED_AMT
N,CLAIM_LINE,LINE_BILLED_AMT,"NUMBER(38,2)",48,,6,TRUE,,,TRUE,CLAIM_LINE-LINE_BILLED_AMT
N,CLAIM_LINE,LINE_BILLED_NET_AMT,"NUMBER(38,2)",49,,6,FALSE,,,FALSE,CLAIM_LINE-LINE_BILLED_NET_AMT
N,CLAIM_LINE,LINE_CAPITATION_IND,VARCHAR,50,,6,TRUE,,,FALSE,CLAIM_LINE-LINE_CAPITATION_IND
N,CLAIM_LINE,LINE_COB_AMT,"NUMBER(38,2)",51,,6,TRUE,,,FALSE,CLAIM_LINE-LINE_COB_AMT
N,CLAIM_LINE,LINE_COB_RECEIVED_AMT,"NUMBER(38,2)",52,,6,FALSE,,,FALSE,CLAIM_LINE-LINE_COB_RECEIVED_AMT
N,CLAIM_LINE,LINE_COINSURANCE_AMT,"NUMBER(38,2)",53,,6,TRUE,,,FALSE,CLAIM_LINE-LINE_COINSURANCE_AMT
N,CLAIM_LINE,LINE_COPAY_AMT,"NUMBER(38,2)",54,,6,TRUE,,,FALSE,CLAIM_LINE-LINE_COPAY_AMT
N,CLAIM_LINE,LINE_DEDUCTIBLE_AMT,"NUMBER(38,2)",55,,6,TRUE,,,FALSE,CLAIM_LINE-LINE_DEDUCTIBLE_AMT
N,CLAIM_LINE,LINE_DENIED_AMT,"NUMBER(38,2)",56,,6,FALSE,,,FALSE,CLAIM_LINE-LINE_DENIED_AMT
N,CLAIM_LINE,LINE_DIAG_POINTER,NUMBER,57,,6,TRUE,,,FALSE,CLAIM_LINE-LINE_DIAG_POINTER
N,CLAIM_LINE,LINE_DISCOUNT_AMT,"NUMBER(38,2)",58,,6,FALSE,,,FALSE,CLAIM_LINE-LINE_DISCOUNT_AMT
N,CLAIM_LINE,LINE_EMERGENCY_IND,VARCHAR,59,,6,TRUE,,,FALSE,CLAIM_LINE-LINE_EMERGENCY_IND
N,CLAIM_LINE,LINE_EPSDT,VARCHAR,60,,6,TRUE,,,FALSE,CLAIM_LINE-LINE_EPSDT
N,CLAIM_LINE,LINE_FROM_DT,DATE,61,,6,TRUE,,MASK_DATE,TRUE,CLAIM_LINE-LINE_FROM_DT
N,CLAIM_LINE,LINE_INTEREST_AMT,"NUMBER(38,2)",62,,6,TRUE,,,FALSE,CLAIM_LINE-LINE_INTEREST_AMT
N,CLAIM_LINE,LINE_ITEM_PLUS_UNITS,"NUMBER(38,2)",63,,6,FALSE,,,FALSE,CLAIM_LINE-LINE_ITEM_PLUS_UNITS
N,CLAIM_LINE,LINE_ITEM_UNIT_MINUTES,"NUMBER(38,2)",64,,6,TRUE,,,FALSE,CLAIM_LINE-LINE_ITEM_UNIT_MINUTES
N,CLAIM_LINE,LINE_MAX_ALLOW_AMT,"NUMBER(38,2)",65,,6,FALSE,,,FALSE,CLAIM_LINE-LINE_MAX_ALLOW_AMT
N,CLAIM_LINE,LINE_MEDICAID_ALLOWED_AMT,"NUMBER(38,2)",66,,6,FALSE,,,FALSE,CLAIM_LINE-LINE_MEDICAID_ALLOWED_AMT
N,CLAIM_LINE,LINE_NDC_NUM,VARCHAR,67,,6,TRUE,,,TRUE,CLAIM_LINE-LINE_NDC_NUM
N,CLAIM_LINE,LINE_NDC_QTY,NUMBER,68,,6,TRUE,,,FALSE,CLAIM_LINE-LINE_NDC_QTY
N,CLAIM_LINE,LINE_NON_COVERED_AMT,"NUMBER(38,2)",69,,6,FALSE,,,FALSE,CLAIM_LINE-LINE_NON_COVERED_AMT
N,CLAIM_LINE,LINE_OTH_INS_PAID_AMT,"NUMBER(38,2)",70,,6,FALSE,,,FALSE,CLAIM_LINE-LINE_OTH_INS_PAID_AMT
N,CLAIM_LINE,LINE_PAID_AMT,"NUMBER(38,2)",71,,6,TRUE,,,TRUE,CLAIM_LINE-LINE_PAID_AMT
N,CLAIM_LINE,LINE_PAR_NONPAR_IND,VARCHAR,72,,6,TRUE,,,FALSE,CLAIM_LINE-LINE_PAR_NONPAR_IND
N,CLAIM_LINE,LINE_PENALTY_AMT,"NUMBER(38,2)",73,,6,TRUE,,,FALSE,CLAIM_LINE-LINE_PENALTY_AMT
N,CLAIM_LINE,LINE_PREPAID_AMT,"NUMBER(38,2)",74,,6,FALSE,,,FALSE,CLAIM_LINE-LINE_PREPAID_AMT
N,CLAIM_LINE,LINE_RECOVERY_FLAG,VARCHAR,75,,6,FALSE,,,FALSE,CLAIM_LINE-LINE_RECOVERY_FLAG
N,CLAIM_LINE,LINE_REFUND_AMT,"NUMBER(38,2)",76,,6,FALSE,,,FALSE,CLAIM_LINE-LINE_REFUND_AMT
N,CLAIM_LINE,LINE_RECEIVED_DT,DATE,77,,6,TRUE,,,TRUE,CLAIM_LINE-LINE_RECEIVED_DT
N,CLAIM_LINE,LINE_REMIT_DT,DATE,78,,6,TRUE,,,TRUE,CLAIM_LINE-LINE_REMIT_DT
N,CLAIM_LINE,LINE_REVERSAL_IND,VARCHAR,79,,6,TRUE,,,FALSE,CLAIM_LINE-LINE_REVERSAL_IND
N,CLAIM_LINE,LINE_RISK_WITHHOLD_AMT,"NUMBER(38,2)",81,,6,TRUE,,,FALSE,CLAIM_LINE-LINE_RISK_WITHHOLD_AMT
N,CLAIM_LINE,LINE_SERVICE_CATEGORY_CD,VARCHAR,82,,6,TRUE,,,FALSE,CLAIM_LINE-LINE_SERVICE_CATEGORY_CD
N,CLAIM_LINE,LINE_SUPPLEMENTAL_INFO,VARCHAR,83,,6,TRUE,,,FALSE,CLAIM_LINE-LINE_SUPPLEMENTAL_INFO
N,CLAIM_LINE,LINE_SURCHARGE_AMT,"NUMBER(38,2)",84,,6,FALSE,,,FALSE,CLAIM_LINE-LINE_SURCHARGE_AMT
N,CLAIM_LINE,LINE_THRU_DT,DATE,85,,6,TRUE,,MASK_DATE,TRUE,CLAIM_LINE-LINE_THRU_DT
N,CLAIM_LINE,LINE_TREATMENT_TYPE,VARCHAR,86,,6,FALSE,,,FALSE,CLAIM_LINE-LINE_TREATMENT_TYPE
N,CLAIM_LINE,LINE_UNIT_CNT_ALLOWED,"NUMBER(38,2)",87,,6,TRUE,,,TRUE,CLAIM_LINE-LINE_UNIT_CNT_ALLOWED
N,CLAIM_LINE,LINE_UNIT_CNT_BILLED,"NUMBER(38,2)",88,,6,TRUE,,,TRUE,CLAIM_LINE-LINE_UNIT_CNT_BILLED
N,CLAIM_LINE,PAYMENT_CHECK_NUM,VARCHAR,89,,6,TRUE,,,FALSE,CLAIM_LINE-PAYMENT_CHECK_NUM
N,CLAIM_LINE,PLACE_OF_SERVICE_CD,VARCHAR,90,,6,TRUE,,,TRUE,CLAIM_LINE-PLACE_OF_SERVICE_CD
N,CLAIM_LINE,PLACE_OF_SERVICE_DESC,VARCHAR,91,,6,FALSE,,,FALSE,CLAIM_LINE-PLACE_OF_SERVICE_DESC
N,CLAIM_LINE,REVENUE_CD,VARCHAR,92,,6,TRUE,,,TRUE,CLAIM_LINE-REVENUE_CD
N,CLAIM_LINE,REVENUE_CD_DESC,VARCHAR,93,,6,FALSE,,,FALSE,CLAIM_LINE-REVENUE_CD_DESC
N,CLAIM_LINE,SERVICE_CATEGORY_DESC,VARCHAR,94,,6,FALSE,,,FALSE,CLAIM_LINE-SERVICE_CATEGORY_DESC
N,CLAIM_LINE,TPP_BILLED_BY_TP_AMT,"NUMBER(38,2)",95,,6,FALSE,,,FALSE,CLAIM_LINE-TPP_BILLED_BY_TP_AMT
N,CLAIM_LINE,TPP_INS_IND,VARCHAR,96,,6,FALSE,,,FALSE,CLAIM_LINE-TPP_INS_IND
N,CLAIM_LINE,TPP_MEDICARE_ALLOWED_AMT,"NUMBER(38,2)",97,,6,FALSE,,,FALSE,CLAIM_LINE-TPP_MEDICARE_ALLOWED_AMT
N,CLAIM_LINE,TPP_MEDICARE_PAID_AMT,"NUMBER(38,2)",98,,6,FALSE,,,FALSE,CLAIM_LINE-TPP_MEDICARE_PAID_AMT
N,CLAIM_LINE,TPP_PAID_TO_TP_AMT,"NUMBER(38,2)",99,,6,FALSE,,,FALSE,CLAIM_LINE-TPP_PAID_TO_TP_AMT
N,CLAIM_LINE,TPP_POLICY_EFF_END_DT_PRIMARY,DATE,100,,6,FALSE,,MASK_DATE,FALSE,CLAIM_LINE-TPP_POLICY_EFF_END_DT_PRIMARY
N,CLAIM_LINE,TPP_POLICY_EFF_END_DT_SECONDARY,DATE,101,,6,FALSE,,MASK_DATE,FALSE,CLAIM_LINE-TPP_POLICY_EFF_END_DT_SECONDARY
N,CLAIM_LINE,TPP_POLICY_EFF_END_DT_TERTIARY,DATE,102,,6,FALSE,,MASK_DATE,FALSE,CLAIM_LINE-TPP_POLICY_EFF_END_DT_TERTIARY
N,CLAIM_LINE,TPP_POLICY_EFF_START_DT_PRIMARY,DATE,103,,6,FALSE,,MASK_DATE,FALSE,CLAIM_LINE-TPP_POLICY_EFF_START_DT_PRIMARY
N,CLAIM_LINE,TPP_POLICY_EFF_START_DT_SECONDARY,DATE,104,,6,FALSE,,MASK_DATE,FALSE,CLAIM_LINE-TPP_POLICY_EFF_START_DT_SECONDARY
N,CLAIM_LINE,TPP_POLICY_EFF_START_DT_TERTIARY,DATE,105,,6,FALSE,,MASK_DATE,FALSE,CLAIM_LINE-TPP_POLICY_EFF_START_DT_TERTIARY
N,CLAIM_LINE,TPP_PRIMARY_INSURER_ALLOWED_AMT,"NUMBER(38,2)",106,,6,FALSE,,,FALSE,CLAIM_LINE-TPP_PRIMARY_INSURER_ALLOWED_AMT
N,CLAIM_LINE,TPP_PRIMARY_INSURER_PAID_AMT,"NUMBER(38,2)",107,,6,FALSE,,,FALSE,CLAIM_LINE-TPP_PRIMARY_INSURER_PAID_AMT
N,CLAIM_LINE,TPP_SECONDARY_INSURER_ALLOWED_AMT,"NUMBER(38,2)",108,,6,FALSE,,,FALSE,CLAIM_LINE-TPP_SECONDARY_INSURER_ALLOWED_AMT
N,CLAIM_LINE,TPP_SECONDARY_INSURER_PAID_AMT,"NUMBER(38,2)",109,,6,FALSE,,,FALSE,CLAIM_LINE-TPP_SECONDARY_INSURER_PAID_AMT
N,CLAIM_LINE,TPP_TERTIARY_INSURER_ALLOWED_AMT,"NUMBER(38,2)",110,,6,FALSE,,,FALSE,CLAIM_LINE-TPP_TERTIARY_INSURER_ALLOWED_AMT
N,CLAIM_LINE,TPP_TERTIARY_INSURER_PAID_AMT,"NUMBER(38,2)",111,,6,FALSE,,,FALSE,CLAIM_LINE-TPP_TERTIARY_INSURER_PAID_AMT
N,CLAIM_LINE,LINE_VALUE_BASED_PAYMENT_IND,VARCHAR,112,,6,TRUE,,,FALSE,CLAIM_LINE-LINE_VALUE_BASED_PAYMENT_IND
N,CLAIM_LINE,DP_CREATE_TIMESTAMP,TIMESTAMP_NTZ,1,Technical column,6,TRUE,,,FALSE,CLAIM_LINE-DP_CREATE_TIMESTAMP
N,CLAIM_LINE,DP_UPDATE_TIMESTAMP,TIMESTAMP_NTZ,2,Technical column,6,TRUE,,,FALSE,CLAIM_LINE-DP_UPDATE_TIMESTAMP
N,CLAIM_LINE,DP_RUN_ID,VARCHAR,3,"Technical column, idicates unique MWAA run id",6,TRUE,,,FALSE,CLAIM_LINE-DP_RUN_ID
N,CLAIM_LINE,DP_ACTIVE_RECORD_FLAG,BOOLEAN,4,Indicates if given record is the latest claim line state,6,TRUE,,,FALSE,CLAIM_LINE-DP_ACTIVE_RECORD_FLAG
N,CLAIM_LINE,DP_FINAL_STATUS_FLAG,BOOLEAN,4,Indicates if given record is active in claim line (the same logic as in EDW data model),6,TRUE,,,FALSE,CLAIM_LINE-DP_FINAL_STATUS_FLAG
N,CLAIM_LINE,DP_LAST_LOAD_FLAG,BOOLEAN,4,Indicates if given record came in the last processing,6,TRUE,,,FALSE,CLAIM_LINE-DP_LAST_LOAD_FLAG
N,CLAIM_LINE,CLAIM_LINE_SID,"NUMBER(38,0) NOT NULL",5,Surrogate key,6,TRUE,,,FALSE,CLAIM_LINE-CLAIM_LINE_SID
N,CLAIM_LINE,CLAIM_HEADER_SID,"NUMBER(38,0)",6,FK to claim header table,6,TRUE,,,FALSE,CLAIM_LINE-CLAIM_HEADER_SID
N,CLAIM_LINE,PROVIDER_RENDERING_SID,"NUMBER(38,0)",7,FK to provider table. Always populated. Claim File is the main source.,6,TRUE,,,FALSE,CLAIM_LINE-PROVIDER_RENDERING_SID
N,CLAIM_LINE,PROVIDER_RENDERING_PROV_FILE_SID,"NUMBER(38,0)",8,FK to provider table. Populated if providel file is available.,6,TRUE,,,FALSE,CLAIM_LINE-PROVIDER_RENDERING_PROV_FILE_SID
N,CLAIM_LINE,PROVIDER_RENDERING_GROUP_SID,"NUMBER(38,0)",9,FK to provider table. Always populated. Claim File is the main source.,6,TRUE,,,FALSE,CLAIM_LINE-PROVIDER_RENDERING_GROUP_SID
N,CLAIM_LINE,PROVIDER_RENDERING_GROUP_PROV_FILE_SID,"NUMBER(38,0)",10,FK to provider table. Populated if providel file is available.,6,TRUE,,,FALSE,CLAIM_LINE-PROVIDER_RENDERING_GROUP_PROV_FILE_SID
N,CLAIM_LINE,ADJUDICATION_CD,VARCHAR,11,,6,TRUE,,,FALSE,CLAIM_LINE-ADJUDICATION_CD
N,CLAIM_LINE,ADJUDICATION_DESC,VARCHAR,12,,6,TRUE,,,FALSE,CLAIM_LINE-ADJUDICATION_DESC
N,CLAIM_LINE,ADJUDICATION_DT,DATE,13,,6,TRUE,,,FALSE,CLAIM_LINE-ADJUDICATION_DT
N,CLAIM_LINE,ADJUDICATION_REASON_CD_1,VARCHAR,14,,6,TRUE,,,FALSE,CLAIM_LINE-ADJUDICATION_REASON_CD_1
N,CLAIM_LINE,ADJUDICATION_REASON_CD_2,VARCHAR,15,,6,TRUE,,,FALSE,CLAIM_LINE-ADJUDICATION_REASON_CD_2
N,CLAIM_LINE,ADJUDICATION_REASON_CD_3,VARCHAR,16,,6,TRUE,,,FALSE,CLAIM_LINE-ADJUDICATION_REASON_CD_3
N,CLAIM_LINE,ADJUDICATION_REASON_CD_4,VARCHAR,17,,6,TRUE,,,FALSE,CLAIM_LINE-ADJUDICATION_REASON_CD_4
N,CLAIM_LINE,ADJUDICATION_REASON_DESC_1,VARCHAR,18,,6,TRUE,,,FALSE,CLAIM_LINE-ADJUDICATION_REASON_DESC_1
N,CLAIM_LINE,ADJUDICATION_REASON_DESC_2,VARCHAR,19,,6,TRUE,,,FALSE,CLAIM_LINE-ADJUDICATION_REASON_DESC_2
N,CLAIM_LINE,ADJUDICATION_REASON_DESC_3,VARCHAR,20,,6,TRUE,,,FALSE,CLAIM_LINE-ADJUDICATION_REASON_DESC_3
N,CLAIM_LINE,ADJUDICATION_REASON_DESC_4,VARCHAR,21,,6,TRUE,,,FALSE,CLAIM_LINE-ADJUDICATION_REASON_DESC_4
N,CLAIM_LINE,AUTH_ADMIT_ACTUAL_DT,DATE,22,,6,FALSE,,MASK_DATE,FALSE,CLAIM_LINE-AUTH_ADMIT_ACTUAL_DT
N,CLAIM_LINE,AUTH_ADMIT_TARGET_DT,DATE,23,,6,FALSE,,MASK_DATE,FALSE,CLAIM_LINE-AUTH_ADMIT_TARGET_DT
N,CLAIM_LINE,AUTH_ADMIT_TYPE_DESC,VARCHAR,24,,6,FALSE,,,FALSE,CLAIM_LINE-AUTH_ADMIT_TYPE_DESC
N,CLAIM_LINE,AUTH_DISCHARGE_TARGET_DT,DATE,25,,6,FALSE,,MASK_DATE,FALSE,CLAIM_LINE-AUTH_DISCHARGE_TARGET_DT
N,CLAIM_LINE,AUTH_NUM,VARCHAR,26,,6,TRUE,,MASK_VARCHAR,FALSE,CLAIM_LINE-AUTH_NUM
N,CLAIM_LINE,AUTH_OVERALL_STATUS,VARCHAR,27,,6,FALSE,,,FALSE,CLAIM_LINE-AUTH_OVERALL_STATUS
N,CLAIM_LINE,AUTH_OVERALL_STATUS_DESC,VARCHAR,28,,6,FALSE,,,FALSE,CLAIM_LINE-AUTH_OVERALL_STATUS_DESC
N,CLAIM_LINE,AUTH_REQUEST_DT,DATE,29,,6,FALSE,,,FALSE,CLAIM_LINE-AUTH_REQUEST_DT
N,CLAIM_LINE,AUTH_START_DT,DATE,30,,6,FALSE,,,FALSE,CLAIM_LINE-AUTH_START_DT
N,CLAIM_LINE,AUTO_ADJUDICATION_IND,VARCHAR,31,FALSE,6,TRUE,,,FALSE,CLAIM_LINE-AUTO_ADJUDICATION_IND
N,CLAIM_LINE,CLAIM_LINE_NUM,VARCHAR,33,,6,TRUE,,,TRUE,CLAIM_LINE-CLAIM_LINE_NUM
N,CLAIM_LINE,CLAIM_LINE_SEQ_NUM,NUMBER,34,,6,TRUE,,,FALSE,CLAIM_LINE-CLAIM_LINE_SEQ_NUM
N,CLAIM_LINE,CLAIM_PAY_SERVICE_CD,VARCHAR,35,,6,FALSE,,,FALSE,CLAIM_LINE-CLAIM_PAY_SERVICE_CD
N,CLAIM_LINE,CLAIM_STATUS_CD,VARCHAR,36,,6,TRUE,,,FALSE,CLAIM_LINE-CLAIM_STATUS_CD
N,CLAIM_LINE,CLAIM_STATUS_DESC,VARCHAR,37,,6,TRUE,,,FALSE,CLAIM_LINE-CLAIM_STATUS_DESC
N,CLAIM_LINE,CONTRACT_CLASSIFICATION,VARCHAR,38,,6,TRUE,,,FALSE,CLAIM_LINE-CONTRACT_CLASSIFICATION
N,CLAIM_LINE,CPT4_PROC_CD,VARCHAR,39,,6,TRUE,,,TRUE,CLAIM_LINE-CPT4_PROC_CD
N,CLAIM_LINE,CPT4_PROC_MOD_1,VARCHAR,40,,6,TRUE,,,TRUE,CLAIM_LINE-CPT4_PROC_MOD_1
N,CLAIM_LINE,CPT4_PROC_MOD_2,VARCHAR,41,,6,TRUE,,,TRUE,CLAIM_LINE-CPT4_PROC_MOD_2
N,CLAIM_LINE,CPT4_PROC_MOD_3,VARCHAR,42,,6,TRUE,,,TRUE,CLAIM_LINE-CPT4_PROC_MOD_3
N,CLAIM_LINE,CPT4_PROC_MOD_4,VARCHAR,43,,6,TRUE,,,TRUE,CLAIM_LINE-CPT4_PROC_MOD_4
N,CLAIM_LINE,FEE_SCHEDULE,VARCHAR,44,,6,FALSE,,,FALSE,CLAIM_LINE-FEE_SCHEDULE
N,CLAIM_LINE,BENEFIT_PAY_CD,VARCHAR,45,,6,FALSE,,,FALSE,CLAIM_LINE-BENEFIT_PAY_CD
N,CLAIM_LINE,FACILITY_APC_CD,VARCHAR,46,,6,TRUE,,,FALSE,CLAIM_LINE-FACILITY_APC_CD
N,CLAIM_LINE,LINE_ADJUSTMENT_REASON_DESC,VARCHAR,47,,6,FALSE,,,FALSE,CLAIM_LINE-LINE_ADJUSTMENT_REASON_DESC
N,CLAIM_LINE,LINE_UNIT_CNT_PAID,"NUMBER(38,2)",48,,6,FALSE,,,FALSE,CLAIM_LINE-LINE_UNIT_CNT_PAID
N,CLAIM_LINE,LINE_COB_IND,BOOLEAN,49,,6,FALSE,,,FALSE,CLAIM_LINE-LINE_COB_IND
N,CLAIM_LINE_AARETE,DP_CREATE_TIMESTAMP,TIMESTAMP_NTZ,1,Technical column,7,TRUE,,,FALSE,CLAIM_LINE_AARETE-DP_CREATE_TIMESTAMP
N,CLAIM_LINE_AARETE,DP_UPDATE_TIMESTAMP,TIMESTAMP_NTZ,2,Technical column,7,TRUE,,,FALSE,CLAIM_LINE_AARETE-DP_UPDATE_TIMESTAMP
N,CLAIM_LINE_AARETE,DP_RUN_ID,VARCHAR,3,"Technical column, idicates unique MWAA run id",7,TRUE,,,FALSE,CLAIM_LINE_AARETE-DP_RUN_ID
N,CLAIM_LINE_AARETE,DP_LAST_LOAD_FLAG,VARCHAR,3,"Technical column, idicates last batch",7,TRUE,,,FALSE,CLAIM_LINE_AARETE-DP_LAST_LOAD_FLAG
N,CLAIM_LINE_AARETE,CLAIM_LINE_SID,"NUMBER(38,0) NOT NULL",5,FK to claim line data,7,TRUE,,,FALSE,CLAIM_LINE_AARETE-CLAIM_LINE_SID
N,CLAIM_LINE_AARETE,CLAIM_YEAR_MONTH_SERVICE_DT,DATE,6,AArete derived column,7,FALSE,,MASK_DATE,FALSE,CLAIM_LINE_AARETE-CLAIM_YEAR_MONTH_SERVICE_DT
N,CLAIM_LINE_AARETE,LINE_CALC_ALLOWED_PERCENT_MEDICAID_FS,FLOAT,8,AArete derived column,7,FALSE,,,FALSE,CLAIM_LINE_AARETE-LINE_CALC_ALLOWED_PERCENT_MEDICAID_FS
N,CLAIM_LINE_AARETE,LINE_CALC_ALLOWED_PERCENT_MEDICARE_FS,FLOAT,9,AArete derived column,7,FALSE,,,FALSE,CLAIM_LINE_AARETE-LINE_CALC_ALLOWED_PERCENT_MEDICARE_FS
N,CLAIM_LINE_AARETE,LINE_CALC_ALLOWED_WITH_MEDICAID_FEE_RATE,NUMBER,10,AArete derived column,7,FALSE,,,FALSE,CLAIM_LINE_AARETE-LINE_CALC_ALLOWED_WITH_MEDICAID_FEE_RATE
N,CLAIM_LINE_AARETE,LINE_CALC_ALLOWED_WITH_MEDICARE_FEE_RATE,NUMBER,11,AArete derived column,7,FALSE,,,FALSE,CLAIM_LINE_AARETE-LINE_CALC_ALLOWED_WITH_MEDICARE_FEE_RATE
N,CLAIM_LINE_AARETE,LINE_CALC_PAID_PERCENT_MEDICAID_FS,NUMBER,12,AArete derived column,7,FALSE,,,FALSE,CLAIM_LINE_AARETE-LINE_CALC_PAID_PERCENT_MEDICAID_FS
N,CLAIM_LINE_AARETE,LINE_CALC_PAID_PERCENT_MEDICARE_FS,NUMBER,13,AArete derived column,7,FALSE,,,FALSE,CLAIM_LINE_AARETE-LINE_CALC_PAID_PERCENT_MEDICARE_FS
N,CLAIM_LINE_AARETE,LINE_CALC_SOURCE_MEDICAID,VARCHAR,14,AArete derived column,7,FALSE,,,FALSE,CLAIM_LINE_AARETE-LINE_CALC_SOURCE_MEDICAID
N,CLAIM_LINE_AARETE,LINE_CALC_SOURCE_MEDICARE,VARCHAR,15,AArete derived column,7,FALSE,,,FALSE,CLAIM_LINE_AARETE-LINE_CALC_SOURCE_MEDICARE
N,CLAIM_LINE_AARETE,LINE_DEFINED_AREA,VARCHAR,16,AArete derived column,7,FALSE,,,FALSE,CLAIM_LINE_AARETE-LINE_DEFINED_AREA
N,CLAIM_LINE_AARETE,LINE_HIGH_TECH_IND,BOOLEAN,17,AArete derived column,7,FALSE,,,FALSE,CLAIM_LINE_AARETE-LINE_HIGH_TECH_IND
N,CLAIM_LINE_AARETE,LINE_INPATIENT_IND,BOOLEAN,18,AArete derived column,7,FALSE,,,FALSE,CLAIM_LINE_AARETE-LINE_INPATIENT_IND
N,CLAIM_LINE_AARETE,LINE_MARKET_BASKET,VARCHAR,19,AArete derived column,7,FALSE,,,FALSE,CLAIM_LINE_AARETE-LINE_MARKET_BASKET
N,CLAIM_LINE_AARETE,CLAIM_RURAL_IND,BOOLEAN,71,AArete derived column,7,FALSE,,,FALSE,CLAIM_LINE_AARETE-CLAIM_RURAL_IND
N,CLAIM_LINE_AARETE,LINE_MEDICAID_CALC_ALLOWED_AMT,"NUMBER(38,2)",20,AArete derived column,7,FALSE,,,FALSE,CLAIM_LINE_AARETE-LINE_MEDICAID_CALC_ALLOWED_AMT
N,CLAIM_LINE_AARETE,LINE_MEDICAID_FS_UNIT_RATE,"NUMBER(38,2)",21,AArete derived column,7,FALSE,,,FALSE,CLAIM_LINE_AARETE-LINE_MEDICAID_FS_UNIT_RATE
N,CLAIM_LINE_AARETE,LINE_MEDICARE_CALC_ALLOWED_AMT,"NUMBER(38,2)",22,AArete derived column,7,FALSE,,,FALSE,CLAIM_LINE_AARETE-LINE_MEDICARE_CALC_ALLOWED_AMT
N,CLAIM_LINE_AARETE,LINE_MEDICARE_FS_UNIT_RATE,"NUMBER(38,2)",23,AArete derived column,7,FALSE,,,FALSE,CLAIM_LINE_AARETE-LINE_MEDICARE_FS_UNIT_RATE
N,CLAIM_LINE_AARETE,LINE_MEDICARE_LAB_STATE_CD,VARCHAR,24,AArete derived column,7,FALSE,,,FALSE,CLAIM_LINE_AARETE-LINE_MEDICARE_LAB_STATE_CD
N,CLAIM_LINE_AARETE,LINE_MEDICARE_LOCALITY,VARCHAR,25,AArete derived column,7,FALSE,,,FALSE,CLAIM_LINE_AARETE-LINE_MEDICARE_LOCALITY
N,CLAIM_LINE_AARETE,LINE_MODALITY_CD,VARCHAR,26,AArete derived column,7,FALSE,,,FALSE,CLAIM_LINE_AARETE-LINE_MODALITY_CD
N,CLAIM_LINE_AARETE,LINE_PAYMENT_TYPE,VARCHAR,27,AArete derived column,7,FALSE,,,FALSE,CLAIM_LINE_AARETE-LINE_PAYMENT_TYPE
N,CLAIM_LINE_AARETE,LINE_PROCEDURE_CODE_TYPE,VARCHAR,27,AArete derived column,7,TRUE,,,FALSE,CLAIM_LINE_AARETE-LINE_PROCEDURE_CODE_TYPE
N,CLAIM_LINE_AARETE,LINE_RENTAL_IND,NUMBER,28,AArete derived column,7,FALSE,,,FALSE,CLAIM_LINE_AARETE-LINE_RENTAL_IND
N,CLAIM_LINE_AARETE,LINE_SETTING_DESC,VARCHAR,29,AArete derived column,7,FALSE,,,FALSE,CLAIM_LINE_AARETE-LINE_SETTING_DESC
N,CLAIM_LINE_AARETE,LINE_UNIT_COST_AMT,"NUMBER(38,2)",30,AArete derived column,7,FALSE,,,FALSE,CLAIM_LINE_AARETE-LINE_UNIT_COST_AMT
N,CLAIM_LINE_AARETE,PROF_TECH_CODE_TYPE,VARCHAR,31,AArete derived column,7,FALSE,,,FALSE,CLAIM_LINE_AARETE-PROF_TECH_CODE_TYPE
N,CLAIM_LINE_AARETE,GEO_ZIP,VARCHAR,32,AArete derived column,7,FALSE,,,FALSE,CLAIM_LINE_AARETE-GEO_ZIP
N,CLAIM_LINE_AARETE,LINE_MEDICARE_CARRIER,VARCHAR,33,AArete derived column,7,FALSE,,,FALSE,CLAIM_LINE_AARETE-LINE_MEDICARE_CARRIER
N,CLAIM_LINE_AARETE,CPT4_PROC_CATEGORY_KEY,NUMBER,34,AArete derived column,7,TRUE,,,FALSE,CLAIM_LINE_AARETE-CPT4_PROC_CATEGORY_KEY
N,CLAIM_LINE_AARETE,FACILITY_APC_DESC,VARCHAR,35,AArete derived column,7,FALSE,,,FALSE,CLAIM_LINE_AARETE-FACILITY_APC_DESC
N,CLAIM_LINE_AARETE,FACILTIY_APC_STATUS_IND,VARCHAR,36,AArete derived column,7,FALSE,,,FALSE,CLAIM_LINE_AARETE-FACILTIY_APC_STATUS_IND
N,CLAIM_LINE_AARETE,CPT4_PROC_DESC,VARCHAR,37,AArete derived column,7,FALSE,,,FALSE,CLAIM_LINE_AARETE-CPT4_PROC_DESC
N,CLAIM_LINE_AARETE,CPT4_PROC_KEY,VARCHAR,38,AArete derived column,7,FALSE,,,FALSE,CLAIM_LINE_AARETE-CPT4_PROC_KEY
N,CLAIM_LINE_AARETE,CPT4_PROC_SUBCATEGORY,VARCHAR,39,AArete derived column,7,FALSE,,,FALSE,CLAIM_LINE_AARETE-CPT4_PROC_SUBCATEGORY
N,CLAIM_LINE_AARETE,CPT4_INVALID_IND,VARCHAR,40,AArete derived column,7,FALSE,,,FALSE,CLAIM_LINE_AARETE-CPT4_INVALID_IND
N,CLAIM_LINE_AARETE,CPT4_AAPC_HEADING,VARCHAR,41,AArete derived column,7,FALSE,,,FALSE,CLAIM_LINE_AARETE-CPT4_AAPC_HEADING
N,CLAIM_LINE_AARETE,CPT4_AAPC_KEY,VARCHAR,42,AArete derived column,7,FALSE,,,FALSE,CLAIM_LINE_AARETE-CPT4_AAPC_KEY
N,CLAIM_LINE_AARETE,CPT4_AAPC_SECTION,VARCHAR,43,AArete derived column,7,FALSE,,,FALSE,CLAIM_LINE_AARETE-CPT4_AAPC_SECTION
N,CLAIM_LINE_AARETE,CPT4_AAPC_SUBHEADING,VARCHAR,44,AArete derived column,7,FALSE,,,FALSE,CLAIM_LINE_AARETE-CPT4_AAPC_SUBHEADING
N,CLAIM_LINE_AARETE,CPT4_OBSOLETE_IND,VARCHAR,45,AArete derived column,7,FALSE,,,FALSE,CLAIM_LINE_AARETE-CPT4_OBSOLETE_IND
N,PROVIDER,DP_STREAM,VARCHAR,5,"Technical column, idicates name of stream",1,FALSE,,,FALSE,PROVIDER-DP_STREAM
N,PROVIDER,DP_VERSION,VARCHAR,5,"Technical column, idicates name of version",1,FALSE,,,FALSE,PROVIDER-DP_VERSION
N,MEMBER,DP_STREAM,VARCHAR,5,"Technical column, idicates name of stream",2,FALSE,,,FALSE,MEMBER-DP_STREAM
N,MEMBER,DP_VERSION,VARCHAR,5,"Technical column, idicates name of version",2,FALSE,,,FALSE,MEMBER-DP_VERSION
N,MEMBER,MEMBER_ID_SUFFIX,VARCHAR,67,"The purpose is to differentiate each covered individual under the same policy/member ID. e.g 00 or 01 for the Primary subscriber, 02, 03 etc. for dependents.",2,FALSE,,,FALSE,MEMBER-MEMBER_ID_SUFFIX
N,PATIENT,DP_STREAM,VARCHAR,5,"Technical column, idicates name of stream",3,FALSE,,,FALSE,PATIENT-DP_STREAM
N,PATIENT,DP_VERSION,VARCHAR,5,"Technical column, idicates name of version",3,FALSE,,,FALSE,PATIENT-DP_VERSION
N,CLAIM_HEADER,DP_STREAM,VARCHAR,5,"Technical column, idicates name of stream",5,FALSE,,,FALSE,CLAIM_HEADER-DP_STREAM
N,CLAIM_HEADER,DP_VERSION,VARCHAR,5,"Technical column, idicates name of version",5,FALSE,,,FALSE,CLAIM_HEADER-DP_VERSION
N,CLAIM_HEADER,CLAIM_FACILITY_EAPG_ALLOWED_AMT,"NUMBER(38,2)",350,This is the total amount the payer allowed for the claim after EAPG grouping and rate application (before patient liability).,5,FALSE,,,FALSE,CLAIM_HEADER-CLAIM_FACILITY_EAPG_ALLOWED_AMT
N,CLAIM_HEADER,CLAIM_FACILITY_EAPG_BILLED_AMT,"NUMBER(38,2)",351,This is the total charge the facility submitted for the services that got grouped into EAPGs.,5,FALSE,,,FALSE,CLAIM_HEADER-CLAIM_FACILITY_EAPG_BILLED_AMT
N,CLAIM_HEADER,CLAIM_FACILITY_EAPG_PAID_AMT,"NUMBER(38,2)",352,This is the actual amount reimbursed to the facility based on the EAPG.,5,FALSE,,,FALSE,CLAIM_HEADER-CLAIM_FACILITY_EAPG_PAID_AMT
N,CLAIM_HEADER,CLAIM_FACILITY_APC_ALLOWED_AMT,"NUMBER(38,2)",353,This is payer calculated allowed amount based on APC grouper.,5,FALSE,,,FALSE,CLAIM_HEADER-CLAIM_FACILITY_APC_ALLOWED_AMT
N,CLAIM_HEADER,CLAIM_FACILITY_APC_BILLED_AMT,"NUMBER(38,2)",354,This is the total charge the facility submitted for the services that got grouped into the APC.,5,FALSE,,,FALSE,CLAIM_HEADER-CLAIM_FACILITY_APC_BILLED_AMT
N,CLAIM_HEADER,CLAIM_FACILITY_APC_PAID_AMT,"NUMBER(38,2)",355,This is the actual amount reimbursed to the facility based on the APC.,5,FALSE,,,FALSE,CLAIM_HEADER-CLAIM_FACILITY_APC_PAID_AMT
N,CLAIM_LINE,DP_STREAM,VARCHAR,5,"Technical column, idicates name of stream",6,FALSE,,,FALSE,CLAIM_LINE-DP_STREAM
N,CLAIM_LINE,DP_VERSION,VARCHAR,5,"Technical column, idicates name of version",6,FALSE,,,FALSE,CLAIM_LINE-DP_VERSION
N,CLAIM_LINE,FACILITY_APC_CD_PAID,VARCHAR,46,,6,TRUE,,,FALSE,CLAIM_LINE-FACILITY_APC_CD_PAID
N,CLAIM_LINE,FACILITY_EAPG_CD_BILLED,VARCHAR,113,This is the EAPG code the provider believed applied. Some providers may not submit this.,6,FALSE,,,FALSE,CLAIM_LINE-FACILITY_EAPG_CD_BILLED
N,CLAIM_LINE,FACILITY_EAPG_CD_PAID,VARCHAR,114,This is the EAPG code used by the payer in grouping/pricing logic.,6,FALSE,,,FALSE,CLAIM_LINE-FACILITY_EAPG_CD_PAID
N,CLAIM_LINE,FACILITY_APC_CD_BILLED,VARCHAR,115,This is the APC code the provider believed applied. Some providers may not submit this.,6,FALSE,,,FALSE,CLAIM_LINE-FACILITY_APC_CD_BILLED
N,CLAIM_LINE,FACILITY_APC_CD_PAID,VARCHAR,116,This is the APC code used by the payer in grouping/pricing logic.,6,FALSE,,,FALSE,CLAIM_LINE-FACILITY_APC_CD_PAID
N,CLAIM_LINE_AARETE,FACILITY_APC_PAID_DESC,VARCHAR,35,AArete derived column,7,FALSE,,,FALSE,CLAIM_LINE_AARETE-FACILITY_APC_PAID_DESC
N,CLAIM_LINE_AARETE,LINE_CALC_ALLOWED_ASC_AMT,"NUMBER(38,2)",46,AArete derived column,7,FALSE,,,FALSE,CLAIM_LINE_AARETE-LINE_CALC_ALLOWED_ASC_AMT
N,CLAIM_LINE_AARETE,FACILITY_EAPG_BILLED_DESC,VARCHAR,47,This is the description of the billed EAPG code.,7,FALSE,,,FALSE,CLAIM_LINE_AARETE-FACILITY_EAPG_BILLED_DESC
N,CLAIM_LINE_AARETE,FACILITY_EAPG_PAID_DESC,VARCHAR,48,This is the description of the paid EAPG code.,7,FALSE,,,FALSE,CLAIM_LINE_AARETE-FACILITY_EAPG_PAID_DESC
N,CLAIM_LINE_AARETE,FACILITY_APC_BILLED_DESC,VARCHAR,49,This is the description of the billed APC code.,7,FALSE,,,FALSE,CLAIM_LINE_AARETE-FACILITY_APC_BILLED_DESC
N,CLAIM_LINE_AARETE,FACILITY_APC_PAID_DESC,VARCHAR,50,This is the description of the paid APC code.,7,FALSE,,,FALSE,CLAIM_LINE_AARETE-FACILITY_APC_PAID_DESC
N,PRIOR_AUTH,DP_CREATE_TIMESTAMP,TIMESTAMP_NTZ,1,Technical column,8,TRUE,,,FALSE,PRIOR_AUTH-DP_CREATE_TIMESTAMP
N,PRIOR_AUTH,DP_UPDATE_TIMESTAMP,TIMESTAMP_NTZ,2,Technical column,8,TRUE,,,FALSE,PRIOR_AUTH-DP_UPDATE_TIMESTAMP
N,PRIOR_AUTH,DP_RUN_ID,VARCHAR,3,"Technical column, idicates unique MWAA run id",8,TRUE,,,FALSE,PRIOR_AUTH-DP_RUN_ID
N,PRIOR_AUTH,DP_LAST_LOAD_FLAG,BOOLEAN,3,"Technical column, idicates last batch",8,TRUE,,,FALSE,PRIOR_AUTH-DP_LAST_LOAD_FLAG
N,PRIOR_AUTH,PRIOR_AUTH_SID,"NUMBER(38,0) NOT NULL",5,PK for prior auth data,8,TRUE,,,FALSE,PRIOR_AUTH-PRIOR_AUTH_SID
N,PRIOR_AUTH,MEMBER_ID,VARCHAR,6,,8,FALSE,,MASK_VARCHAR,FALSE,PRIOR_AUTH-MEMBER_ID
N,PRIOR_AUTH,PAT_BIRTH_DT,DATE,7,"The patients date of birth, typically used to calculate the patients age and ensure eligibility for age-related benefits.",8,FALSE,,MASK_BIRTH_DATE,FALSE,PRIOR_AUTH-PAT_BIRTH_DT
N,PRIOR_AUTH,PAT_FULL_NAME,VARCHAR,8,"The patients full legal name, including first, middle, and last names.",8,FALSE,,MASK_VARCHAR,FALSE,PRIOR_AUTH-PAT_FULL_NAME
N,PRIOR_AUTH,MBR_PRODUCT_LINE_OF_BUSINESS,VARCHAR,9,"A classification that indicates the type of healthcare plan the patient is enrolled in, such as commercial, Medicaid, or Medicare.",8,FALSE,,,FALSE,PRIOR_AUTH-MBR_PRODUCT_LINE_OF_BUSINESS
N,PRIOR_AUTH,MBR_PRODUCT_NAME,VARCHAR,10,The name of the healthcare product or insurance plan that the patient is enrolled in.,8,FALSE,,,FALSE,PRIOR_AUTH-MBR_PRODUCT_NAME
N,PRIOR_AUTH,AUTH_NUM,VARCHAR,11,A unique identifier for the prior authorization request.,8,FALSE,,MASK_VARCHAR,FALSE,PRIOR_AUTH-AUTH_NUM
N,PRIOR_AUTH,AUTH_LINE_NUM,VARCHAR,12,"The line number or entry within the prior authorization request, typically used to track specific items or services.",8,FALSE,,,FALSE,PRIOR_AUTH-AUTH_LINE_NUM
N,PRIOR_AUTH,AUTH_REQUEST_DT,DATE,13,The date on which the prior authorization request was received by the insurance provider or healthcare entity.,8,FALSE,,,FALSE,PRIOR_AUTH-AUTH_REQUEST_DT
N,PRIOR_AUTH,AUTH_RESPONSE_DT,DATE,14,The date on which the healthcare provider or payer responded to the prior authorization request.,8,FALSE,,,FALSE,PRIOR_AUTH-AUTH_RESPONSE_DT
N,PRIOR_AUTH,AUTH_EFFECTIVE_START_DT,DATE,15,The date from which the authorized services or treatments will begin.,8,FALSE,,,FALSE,PRIOR_AUTH-AUTH_EFFECTIVE_START_DT
N,PRIOR_AUTH,AUTH_EFFECTIVE_END_DT,DATE,16,The date when the authorized services or treatments will end.,8,FALSE,,,FALSE,PRIOR_AUTH-AUTH_EFFECTIVE_END_DT
N,PRIOR_AUTH,AUTH_URGENCY_LEVEL,VARCHAR,17,"A classification indicating the urgency of the prior authorization request (e.g., urgent, routine).",8,FALSE,,,FALSE,PRIOR_AUTH-AUTH_URGENCY_LEVEL
N,PRIOR_AUTH,AUTH_TYPE,VARCHAR,18,"A classification of the type of authorization (e.g., IP Admit, Outpatient, Concurrent, Retrospective, etc.)",8,FALSE,,,FALSE,PRIOR_AUTH-AUTH_TYPE
N,PRIOR_AUTH,AUTH_SERVICE_TYPE,VARCHAR,19,"The classification of the type of service being requested (e.g., surgery, diagnostic testing, therapy).",8,FALSE,,,FALSE,PRIOR_AUTH-AUTH_SERVICE_TYPE
N,PRIOR_AUTH,AUTH_METHOD_OF_REVIEW,VARCHAR,20,"The method by which the prior authorization was reviewed (e.g., manual, auto-approved, etc.).",8,FALSE,,,FALSE,PRIOR_AUTH-AUTH_METHOD_OF_REVIEW
N,PRIOR_AUTH,AUTH_ICD_PROC_CD,VARCHAR,21,The ICD procedure code that represents a specific medical procedure or service being requested for prior authorization.,8,FALSE,,,FALSE,PRIOR_AUTH-AUTH_ICD_PROC_CD
N,PRIOR_AUTH,AUTH_ICD_PROC_DESC,VARCHAR,22,A description of the procedure or service that corresponds to the procedure code.,8,FALSE,,,FALSE,PRIOR_AUTH-AUTH_ICD_PROC_DESC
N,PRIOR_AUTH,AUTH_CPT4_PROC_CD,VARCHAR,23,The CPT4 procedure code that represents a specific medical procedure or service being requested for prior authorization.,8,FALSE,,,FALSE,PRIOR_AUTH-AUTH_CPT4_PROC_CD
N,PRIOR_AUTH,AUTH_CPT4_PROC_DESC,VARCHAR,24,A description of the procedure or service that corresponds to the procedure code.,8,FALSE,,,FALSE,PRIOR_AUTH-AUTH_CPT4_PROC_DESC
N,PRIOR_AUTH,AUTH_PLACE_OF_SERVICE_CD,VARCHAR,25,"The code indicating the setting in which the requested service will be provided (e.g., outpatient, inpatient, office).",8,FALSE,,,FALSE,PRIOR_AUTH-AUTH_PLACE_OF_SERVICE_CD
N,PRIOR_AUTH,AUTH_PLACE_OF_SERVICE_DESC,VARCHAR,26,"A description of the setting where the service will be provided, corresponding to the place of service code.",8,FALSE,,,FALSE,PRIOR_AUTH-AUTH_PLACE_OF_SERVICE_DESC
N,PRIOR_AUTH,AUTH_UNIT_CNT_REQUESTED,NUMBER,27,"The number of units (e.g., sessions, days, doses) of the service requested in the prior authorization.",8,FALSE,,,FALSE,PRIOR_AUTH-AUTH_UNIT_CNT_REQUESTED
N,PRIOR_AUTH,AUTH_UNIT_CNT_APPROVED,NUMBER,28,"The number of units (e.g., sessions, days, doses) of the service that were approved in the prior authorization.",8,FALSE,,,FALSE,PRIOR_AUTH-AUTH_UNIT_CNT_APPROVED
N,PRIOR_AUTH,AUTH_UNIT_CNT_DENIED,NUMBER,29,"The number of units (e.g., sessions, days, doses) of the service that were denied in the prior authorization.",8,FALSE,,,FALSE,PRIOR_AUTH-AUTH_UNIT_CNT_DENIED
N,PRIOR_AUTH,AUTH_PRIMARY_DIAG_CD,VARCHAR,30,"The primary diagnosis code for the member, typically provided using the ICD-10 coding system.",8,FALSE,,,FALSE,PRIOR_AUTH-AUTH_PRIMARY_DIAG_CD
N,PRIOR_AUTH,AUTH_PRIMARY_DIAG_DESC,VARCHAR,31,"A description of the primary diagnosis code, explaining the medical condition or reason for the requested services.",8,FALSE,,,FALSE,PRIOR_AUTH-AUTH_PRIMARY_DIAG_DESC
N,PRIOR_AUTH,AUTH_OVERALL_STATUS,VARCHAR,32,"The current status of the prior authorization request (e.g., approved, denied, pending).",8,FALSE,,,FALSE,PRIOR_AUTH-AUTH_OVERALL_STATUS
N,PRIOR_AUTH,AUTH_DENIAL_REASON,VARCHAR,33,"A code that explains the reason why a prior authorization request was denied (e.g., coverage limitations, lack of medical necessity).",8,FALSE,,,FALSE,PRIOR_AUTH-AUTH_DENIAL_REASON
N,PRIOR_AUTH,AUTH_CLINICAL_JUSTIFICATION_REASON,VARCHAR,34,"The clinical reasoning or notes provided to justify the need for the requested service or procedure, often included as part of the clinical review.",8,FALSE,,,FALSE,PRIOR_AUTH-AUTH_CLINICAL_JUSTIFICATION_REASON
N,PRIOR_AUTH,AUTH_APPEAL_FLAG,BOOLEAN,35,"A flag indicating whether an appeal has been filed for a denied prior authorization (Y = Yes, N = No).",8,FALSE,,,FALSE,PRIOR_AUTH-AUTH_APPEAL_FLAG
N,PRIOR_AUTH,AUTH_APPEAL_STATUS,VARCHAR,36,"The current status of the appeal process for a prior authorization request (e.g., under review, approved, denied).",8,FALSE,,,FALSE,PRIOR_AUTH-AUTH_APPEAL_STATUS
N,PRIOR_AUTH,AUTH_APPEAL_OUTCOME,VARCHAR,37,"The result of the appeal process for the prior authorization (e.g., granted, overturned, denied).",8,FALSE,,,FALSE,PRIOR_AUTH-AUTH_APPEAL_OUTCOME
N,PRIOR_AUTH,AUTH_REVIEWER_FULL_NAME,VARCHAR,38,The full name of the individual(s) who reviewed the prior authorization request and made the determination.,8,FALSE,,,FALSE,PRIOR_AUTH-AUTH_REVIEWER_FULL_NAME
N,PRIOR_AUTH,AUTH_REVIEWER_TITLE,VARCHAR,39,"The title or position of the individual(s) who reviewed the prior authorization request (e.g., nurse, pharmacist, physician, reviewer).",8,FALSE,,,FALSE,PRIOR_AUTH-AUTH_REVIEWER_TITLE
N,PRIOR_AUTH,DELEGATED_REVIEW_FLAG,BOOLEAN,40,"A flag indicating whether the review process for the prior authorization was delegated to an external party (Y = Yes, N = No).",8,FALSE,,,FALSE,PRIOR_AUTH-DELEGATED_REVIEW_FLAG
N,PRIOR_AUTH,DELEGATED_REVIEW_ENTITY_FULL_NAME,VARCHAR,41,"The name of the entity that was delegated the responsibility of reviewing the prior authorization request (e.g., third-party vendor name, outsourced entity name).",8,FALSE,,,FALSE,PRIOR_AUTH-DELEGATED_REVIEW_ENTITY_FULL_NAME
N,PRIOR_AUTH,REQUESTING_PROV_GROUP_FULL_NAME,VARCHAR,42,The name of the provider group that submitted the prior authorization request.,8,FALSE,,,FALSE,PRIOR_AUTH-REQUESTING_PROV_GROUP_FULL_NAME
N,PRIOR_AUTH,REQUESTING_PROV_FULL_NAME,VARCHAR,43,The full name of the individual provider who submitted the prior authorization request.,8,FALSE,,,FALSE,PRIOR_AUTH-REQUESTING_PROV_FULL_NAME
N,PRIOR_AUTH,REQUESTING_PROV_TIN_NUM,VARCHAR,44,"The Taxpayer Identification Number (TIN) of the requesting provider, used for tax and billing purposes.",8,FALSE,,,FALSE,PRIOR_AUTH-REQUESTING_PROV_TIN_NUM
N,PRIOR_AUTH,REQUESTING_PROV_NPI,VARCHAR,45,"The National Provider Identifier (NPI) number assigned to the requesting healthcare provider, used for identification in the healthcare system.",8,FALSE,,,FALSE,PRIOR_AUTH-REQUESTING_PROV_NPI
N,PRIOR_AUTH,REQUESTING_PROV_PAR_NONPAR_IND,VARCHAR,46,"The network status of the requesting provider, indicating whether they are in-network or out-of-network for the patients health plan.",8,FALSE,,,FALSE,PRIOR_AUTH-REQUESTING_PROV_PAR_NONPAR_IND
N,PRIOR_AUTH,REQUESTING_PROV_SPECIALTY_1_CD,VARCHAR,47,"The specialty of the requesting provider (e.g., cardiology, dermatology, orthopedics), indicating their area of expertise.",8,FALSE,,,FALSE,PRIOR_AUTH-REQUESTING_PROV_SPECIALTY_1_CD
N,PRIOR_AUTH,AUTH_DIAG_ICD_VERSION_IND,VARCHAR,48,The version of the ICD codeset used in the prior authorization.,8,FALSE,,,FALSE,PRIOR_AUTH-AUTH_DIAG_ICD_VERSION_IND
N,PRIOR_AUTH,AUTH_SECONDARY_DIAG_CD,VARCHAR,49,"The secondary diagnosis code for the member, typically provided using the ICD-10 coding system.",8,FALSE,,,FALSE,PRIOR_AUTH-AUTH_SECONDARY_DIAG_CD
N,PRIOR_AUTH,AUTH_SECONDARY_DIAG_DESC,VARCHAR,50,"A description of the secondary diagnosis code, explaining the medical condition or reason for the requested services.",8,FALSE,,,FALSE,PRIOR_AUTH-AUTH_SECONDARY_DIAG_DESC
N,PRIOR_AUTH,PAT_AGE,NUMBER,51,The age of the patient.,8,FALSE,,MASK_AGE,FALSE,PRIOR_AUTH-PAT_AGE
N,PRIOR_AUTH_AVG_COST,DP_CREATE_TIMESTAMP,TIMESTAMP_NTZ,1,Technical column,9,TRUE,,,FALSE,PRIOR_AUTH_AVG_COST-DP_CREATE_TIMESTAMP
N,PRIOR_AUTH_AVG_COST,DP_UPDATE_TIMESTAMP,TIMESTAMP_NTZ,2,Technical column,9,TRUE,,,FALSE,PRIOR_AUTH_AVG_COST-DP_UPDATE_TIMESTAMP
N,PRIOR_AUTH_AVG_COST,DP_RUN_ID,VARCHAR,3,"Technical column, idicates unique MWAA run id",9,TRUE,,,FALSE,PRIOR_AUTH_AVG_COST-DP_RUN_ID
N,PRIOR_AUTH_AVG_COST,DP_LAST_LOAD_FLAG,BOOLEAN,3,"Technical column, idicates last batch",9,TRUE,,,FALSE,PRIOR_AUTH_AVG_COST-DP_LAST_LOAD_FLAG
N,PRIOR_AUTH_AVG_COST,PRIOR_AUTH_COST_SID,"NUMBER(38,0) NOT NULL",5,PK for prior auth data,9,TRUE,,,FALSE,PRIOR_AUTH_AVG_COST-PRIOR_AUTH_COST_SID
N,PRIOR_AUTH_AVG_COST,AUTH_AVG_AUTO_APPROVAL_REVIEW_COST_AMT,NUMBER,6,The average cost incurred by the health plan to review and approve a prior authorization request automatically.,9,FALSE,,,FALSE,PRIOR_AUTH_AVG_COST-AUTH_AVG_AUTO_APPROVAL_REVIEW_COST_AMT
N,PRIOR_AUTH_AVG_COST,AUTH_AVG_NURSE_REVIEW_COST_AMT,NUMBER,7,The average cost incurred to have a nurse review and assess a prior authorization request.,9,FALSE,,,FALSE,PRIOR_AUTH_AVG_COST-AUTH_AVG_NURSE_REVIEW_COST_AMT
N,PRIOR_AUTH_AVG_COST,AUTH_AVG_MD_REVIEW_COST_AMT,NUMBER,8,The average cost incurred to have a medical doctor (MD) review a prior authorization request.,9,FALSE,,,FALSE,PRIOR_AUTH_AVG_COST-AUTH_AVG_MD_REVIEW_COST_AMT
N,PRIOR_AUTH_AVG_COST,AUTH_AVG_PHARMA_REVIEW_COST_AMT,NUMBER,9,The average cost incurred to have a Pharmacist review a prior authorization request.,9,FALSE,,,FALSE,PRIOR_AUTH_AVG_COST-AUTH_AVG_PHARMA_REVIEW_COST_AMT
N,PRIOR_AUTH_AVG_COST,AUTH_AVG_ADMIN_REVIEW_COST_AMT,NUMBER,10,The average cost incurred to have an administrative staff member review a prior authorization request.,9,FALSE,,,FALSE,PRIOR_AUTH_AVG_COST-AUTH_AVG_ADMIN_REVIEW_COST_AMT
N,PRIOR_AUTH_AVG_COST,AUTH_AVG_APPEAL_NURSE_REVIEW_COST_AMT,NUMBER,11,The average cost incurred to have a nurse review and assess a clinical appeal.,9,FALSE,,,FALSE,PRIOR_AUTH_AVG_COST-AUTH_AVG_APPEAL_NURSE_REVIEW_COST_AMT
N,PRIOR_AUTH_AVG_COST,AUTH_AVG_APPEAL_MD_REVIEW_COST_AMT,NUMBER,12,The average cost incurred to have a medical doctor (MD) review and assess a clinical appeal.,9,FALSE,,,FALSE,PRIOR_AUTH_AVG_COST-AUTH_AVG_APPEAL_MD_REVIEW_COST_AMT
N,PRIOR_AUTH_AVG_COST,AUTH_AVG_APPEAL_PHARMA_REVIEW_COST_AMT,NUMBER,13,The average cost incurred to have a Pharmacist review and assess a clinical appeal.,9,FALSE,,,FALSE,PRIOR_AUTH_AVG_COST-AUTH_AVG_APPEAL_PHARMA_REVIEW_COST_AMT
N,PRIOR_AUTH_AVG_COST,AUTH_AVG_NURSE_REVIEWED_PER_HOUR_CNT,NUMBER,14,The average number of prior authorizations (PAs) a nurse can review in one hour.,9,FALSE,,,FALSE,PRIOR_AUTH_AVG_COST-AUTH_AVG_NURSE_REVIEWED_PER_HOUR_CNT
N,PRIOR_AUTH_AVG_COST,AUTH_AVG_MD_REVIEWED_PER_HOUR_CNT,NUMBER,15,The average number of prior authorizations (PAs) a medical doctor (MD) can review in one hour.,9,FALSE,,,FALSE,PRIOR_AUTH_AVG_COST-AUTH_AVG_MD_REVIEWED_PER_HOUR_CNT
N,PRIOR_AUTH_AVG_COST,AUTH_AVG_PHARMA_REVIEWED_PER_HOUR_CNT,NUMBER,16,The average number of prior authorizations (PAs) a Pharmacist can review in one hour.,9,FALSE,,,FALSE,PRIOR_AUTH_AVG_COST-AUTH_AVG_PHARMA_REVIEWED_PER_HOUR_CNT
N,PRIOR_AUTH_AVG_COST,AUTH_AVG_ADMIN_REVIEWED_PER_HOUR_CNT,NUMBER,17,The average number of prior authorizations (PAs) an administrative staff member can review in one hour.,9,FALSE,,,FALSE,PRIOR_AUTH_AVG_COST-AUTH_AVG_ADMIN_REVIEWED_PER_HOUR_CNT
N,PRIOR_AUTH_AVG_COST,AUTH_AVG_APPROVAL_RATE,NUMBER,18,The percentage of prior authorization requests that are approved by the health plan or payer.,9,FALSE,,,FALSE,PRIOR_AUTH_AVG_COST-AUTH_AVG_APPROVAL_RATE
N,PRIOR_AUTH_AVG_COST,AUTH_AVG_DENIAL_RATE,NUMBER,19,The percentage of prior authorization requests that are denied by the health plan or payer.,9,FALSE,,,FALSE,PRIOR_AUTH_AVG_COST-AUTH_AVG_DENIAL_RATE
N,PRIOR_AUTH_AVG_COST,AUTH_AVG_APPEAL_RATE,NUMBER,20,The percentage of denied prior authorizations that are appealed by the provider or member.,9,FALSE,,,FALSE,PRIOR_AUTH_AVG_COST-AUTH_AVG_APPEAL_RATE
N,PRIOR_AUTH_AVG_COST,AUTH_AVG_OVERTURN_RATE,NUMBER,21,The percentage of appeals that result in an overturned decision (denial reversed and authorization granted).,9,FALSE,,,FALSE,PRIOR_AUTH_AVG_COST-AUTH_AVG_OVERTURN_RATE